067d6428-d42e-47fa-b427-1213737105ae,2a675b2c-7c43-4cdf-bfd5-f8f6c6408c67,524819
2d12e2e9-60ee-4e1a-8b00-2bc9bf18785f,5805b597-f154-4674-a340-6b1d96b66c41,255128
d252d01a-6083-4c3d-914c-8e0bf292ede4,f131bc8d-7762-4cae-968c-25190234735a,488396
5426bfd8-08f8-4631-9017-701732b8a0ed,a2d2a663-c94b-430a-8ca8-d1442051a510,72129
067d6428-d42e-47fa-b427-1213737105ae,5974edae-2eae-47a2-921e-ced9d610b5a7,354548
a46b603e-5bdc-4617-a896-11b2ce319f73,b920aeec-8462-4077-a9ae-70fd9ccc0e70,238253
5426bfd8-08f8-4631-9017-701732b8a0ed,ed86f05e-c45c-48be-9e1c-29740cba94de,387475
50358b49-1615-4a47-a90e-4b40d83fcb55,5974edae-2eae-47a2-921e-ced9d610b5a7,611066
196fcfbd-d42d-4094-82f5-6ab8214a4ed2,f131bc8d-7762-4cae-968c-25190234735a,850230
a2d2a663-c94b-430a-8ca8-d1442051a510,1ea4f5fb-de33-4de9-98ea-0c44f2e5b921,764371
d252d01a-6083-4c3d-914c-8e0bf292ede4,1ea4f5fb-de33-4de9-98ea-0c44f2e5b921,825430
f131bc8d-7762-4cae-968c-25190234735a,5974edae-2eae-47a2-921e-ced9d610b5a7,345507
9486c3d9-c6bc-48e6-9494-78e897215372,067d6428-d42e-47fa-b427-1213737105ae,499600
2d12e2e9-60ee-4e1a-8b00-2bc9bf18785f,f131bc8d-7762-4cae-968c-25190234735a,437137
5805b597-f154-4674-a340-6b1d96b66c41,d252d01a-6083-4c3d-914c-8e0bf292ede4,346254
ed86f05e-c45c-48be-9e1c-29740cba94de,5974edae-2eae-47a2-921e-ced9d610b5a7,161726
d252d01a-6083-4c3d-914c-8e0bf292ede4,9d65493d-0129-4a0e-a79f-498615f58e5f,195045
196fcfbd-d42d-4094-82f5-6ab8214a4ed2,067d6428-d42e-47fa-b427-1213737105ae,231102
067d6428-d42e-47fa-b427-1213737105ae,5805b597-f154-4674-a340-6b1d96b66c41,311338
5974edae-2eae-47a2-921e-ced9d610b5a7,324263de-65b8-4102-bb21-f41f12a915d7,538259
067d6428-d42e-47fa-b427-1213737105ae,d252d01a-6083-4c3d-914c-8e0bf292ede4,104991
196fcfbd-d42d-4094-82f5-6ab8214a4ed2,5426bfd8-08f8-4631-9017-701732b8a0ed,849875
b54eb810-198e-401f-9f6b-98016cd3d1cc,324263de-65b8-4102-bb21-f41f12a915d7,525683
324263de-65b8-4102-bb21-f41f12a915d7,d252d01a-6083-4c3d-914c-8e0bf292ede4,778062
d252d01a-6083-4c3d-914c-8e0bf292ede4,50358b49-1615-4a47-a90e-4b40d83fcb55,55652
9486c3d9-c6bc-48e6-9494-78e897215372,a46b603e-5bdc-4617-a896-11b2ce319f73,774229
324263de-65b8-4102-bb21-f41f12a915d7,196fcfbd-d42d-4094-82f5-6ab8214a4ed2,159256
5426bfd8-08f8-4631-9017-701732b8a0ed,2d12e2e9-60ee-4e1a-8b00-2bc9bf18785f,735353
ed86f05e-c45c-48be-9e1c-29740cba94de,067d6428-d42e-47fa-b427-1213737105ae,87082
324263de-65b8-4102-bb21-f41f12a915d7,50358b49-1615-4a47-a90e-4b40d83fcb55,374692
a46b603e-5bdc-4617-a896-11b2ce319f73,5426bfd8-08f8-4631-9017-701732b8a0ed,393612
067d6428-d42e-47fa-b427-1213737105ae,9d65493d-0129-4a0e-a79f-498615f58e5f,247775
9486c3d9-c6bc-48e6-9494-78e897215372,324263de-65b8-4102-bb21-f41f12a915d7,484014
067d6428-d42e-47fa-b427-1213737105ae,324263de-65b8-4102-bb21-f41f12a915d7,318187
a46b603e-5bdc-4617-a896-11b2ce319f73,324263de-65b8-4102-bb21-f41f12a915d7,176595
ed86f05e-c45c-48be-9e1c-29740cba94de,9d87346d-9c9d-48c7-bcc3-17cf0aac2c77,393413
a2d2a663-c94b-430a-8ca8-d1442051a510,9486c3d9-c6bc-48e6-9494-78e897215372,116042
5805b597-f154-4674-a340-6b1d96b66c41,9486c3d9-c6bc-48e6-9494-78e897215372,511021
5805b597-f154-4674-a340-6b1d96b66c41,9d87346d-9c9d-48c7-bcc3-17cf0aac2c77,846949
ed86f05e-c45c-48be-9e1c-29740cba94de,9d65493d-0129-4a0e-a79f-498615f58e5f,597326
ed86f05e-c45c-48be-9e1c-29740cba94de,a46b603e-5bdc-4617-a896-11b2ce319f73,23853
b54eb810-198e-401f-9f6b-98016cd3d1cc,067d6428-d42e-47fa-b427-1213737105ae,216752
2d12e2e9-60ee-4e1a-8b00-2bc9bf18785f,ed86f05e-c45c-48be-9e1c-29740cba94de,729586
d252d01a-6083-4c3d-914c-8e0bf292ede4,9d65493d-0129-4a0e-a79f-498615f58e5f,414195
324263de-65b8-4102-bb21-f41f12a915d7,1ea4f5fb-de33-4de9-98ea-0c44f2e5b921,471019
5426bfd8-08f8-4631-9017-701732b8a0ed,9d65493d-0129-4a0e-a79f-498615f58e5f,390544
9d87346d-9c9d-48c7-bcc3-17cf0aac2c77,324263de-65b8-4102-bb21-f41f12a915d7,616459
1ea4f5fb-de33-4de9-98ea-0c44f2e5b921,5974edae-2eae-47a2-921e-ced9d610b5a7,385956
d252d01a-6083-4c3d-914c-8e0bf292ede4,a2d2a663-c94b-430a-8ca8-d1442051a510,702653
b920aeec-8462-4077-a9ae-70fd9ccc0e70,5426bfd8-08f8-4631-9017-701732b8a0ed,135723
b54eb810-198e-401f-9f6b-98016cd3d1cc,b54eb810-198e-401f-9f6b-98016cd3d1cc,491818
2d12e2e9-60ee-4e1a-8b00-2bc9bf18785f,b54eb810-198e-401f-9f6b-98016cd3d1cc,584967
324263de-65b8-4102-bb21-f41f12a915d7,067d6428-d42e-47fa-b427-1213737105ae,216075
196fcfbd-d42d-4094-82f5-6ab8214a4ed2,9486c3d9-c6bc-48e6-9494-78e897215372,768045
ed86f05e-c45c-48be-9e1c-29740cba94de,d252d01a-6083-4c3d-914c-8e0bf292ede4,319952
5974edae-2eae-47a2-921e-ced9d610b5a7,f131bc8d-7762-4cae-968c-25190234735a,123986
2a675b2c-7c43-4cdf-bfd5-f8f6c6408c67,5426bfd8-08f8-4631-9017-701732b8a0ed,207085
a46b603e-5bdc-4617-a896-11b2ce319f73,196fcfbd-d42d-4094-82f5-6ab8214a4ed2,600255
5974edae-2eae-47a2-921e-ced9d610b5a7,a46b603e-5bdc-4617-a896-11b2ce319f73,201301
196fcfbd-d42d-4094-82f5-6ab8214a4ed2,5974edae-2eae-47a2-921e-ced9d610b5a7,224464
50358b49-1615-4a47-a90e-4b40d83fcb55,d252d01a-6083-4c3d-914c-8e0bf292ede4,983097
196fcfbd-d42d-4094-82f5-6ab8214a4ed2,f131bc8d-7762-4cae-968c-25190234735a,811545
2d12e2e9-60ee-4e1a-8b00-2bc9bf18785f,067d6428-d42e-47fa-b427-1213737105ae,975110
2d12e2e9-60ee-4e1a-8b00-2bc9bf18785f,1ea4f5fb-de33-4de9-98ea-0c44f2e5b921,736821
5974edae-2eae-47a2-921e-ced9d610b5a7,5426bfd8-08f8-4631-9017-701732b8a0ed,634558
b54eb810-198e-401f-9f6b-98016cd3d1cc,b920aeec-8462-4077-a9ae-70fd9ccc0e70,34985
9486c3d9-c6bc-48e6-9494-78e897215372,a46b603e-5bdc-4617-a896-11b2ce319f73,960303
9486c3d9-c6bc-48e6-9494-78e897215372,5426bfd8-08f8-4631-9017-701732b8a0ed,811239
2a675b2c-7c43-4cdf-bfd5-f8f6c6408c67,196fcfbd-d42d-4094-82f5-6ab8214a4ed2,576342
9d87346d-9c9d-48c7-bcc3-17cf0aac2c77,ed86f05e-c45c-48be-9e1c-29740cba94de,894886
9486c3d9-c6bc-48e6-9494-78e897215372,324263de-65b8-4102-bb21-f41f12a915d7,350016
2a675b2c-7c43-4cdf-bfd5-f8f6c6408c67,d252d01a-6083-4c3d-914c-8e0bf292ede4,932306
f131bc8d-7762-4cae-968c-25190234735a,f131bc8d-7762-4cae-968c-25190234735a,765666
a46b603e-5bdc-4617-a896-11b2ce319f73,324263de-65b8-4102-bb21-f41f12a915d7,85822
d252d01a-6083-4c3d-914c-8e0bf292ede4,9486c3d9-c6bc-48e6-9494-78e897215372,713236
9d65493d-0129-4a0e-a79f-498615f58e5f,f131bc8d-7762-4cae-968c-25190234735a,124911
1ea4f5fb-de33-4de9-98ea-0c44f2e5b921,f131bc8d-7762-4cae-968c-25190234735a,281240
5426bfd8-08f8-4631-9017-701732b8a0ed,a2d2a663-c94b-430a-8ca8-d1442051a510,697504
2d12e2e9-60ee-4e1a-8b00-2bc9bf18785f,a46b603e-5bdc-4617-a896-11b2ce319f73,533013
2a675b2c-7c43-4cdf-bfd5-f8f6c6408c67,196fcfbd-d42d-4094-82f5-6ab8214a4ed2,135897
2a675b2c-7c43-4cdf-bfd5-f8f6c6408c67,067d6428-d42e-47fa-b427-1213737105ae,851390
b54eb810-198e-401f-9f6b-98016cd3d1cc,a46b603e-5bdc-4617-a896-11b2ce319f73,733296
b54eb810-198e-401f-9f6b-98016cd3d1cc,b54eb810-198e-401f-9f6b-98016cd3d1cc,464644
f131bc8d-7762-4cae-968c-25190234735a,9486c3d9-c6bc-48e6-9494-78e897215372,893077
a2d2a663-c94b-430a-8ca8-d1442051a510,b920aeec-8462-4077-a9ae-70fd9ccc0e70,498306
067d6428-d42e-47fa-b427-1213737105ae,2d12e2e9-60ee-4e1a-8b00-2bc9bf18785f,192909
b54eb810-198e-401f-9f6b-98016cd3d1cc,196fcfbd-d42d-4094-82f5-6ab8214a4ed2,268445
d252d01a-6083-4c3d-914c-8e0bf292ede4,1ea4f5fb-de33-4de9-98ea-0c44f2e5b921,85733
50358b49-1615-4a47-a90e-4b40d83fcb55,067d6428-d42e-47fa-b427-1213737105ae,819818
a46b603e-5bdc-4617-a896-11b2ce319f73,2d12e2e9-60ee-4e1a-8b00-2bc9bf18785f,476104
d252d01a-6083-4c3d-914c-8e0bf292ede4,9d87346d-9c9d-48c7-bcc3-17cf0aac2c77,328031
5805b597-f154-4674-a340-6b1d96b66c41,1ea4f5fb-de33-4de9-98ea-0c44f2e5b921,240207
b54eb810-198e-401f-9f6b-98016cd3d1cc,067d6428-d42e-47fa-b427-1213737105ae,847342
067d6428-d42e-47fa-b427-1213737105ae,2d12e2e9-60ee-4e1a-8b00-2bc9bf18785f,729643
067d6428-d42e-47fa-b427-1213737105ae,a2d2a663-c94b-430a-8ca8-d1442051a510,120434
324263de-65b8-4102-bb21-f41f12a915d7,2d12e2e9-60ee-4e1a-8b00-2bc9bf18785f,830712
9486c3d9-c6bc-48e6-9494-78e897215372,a2d2a663-c94b-430a-8ca8-d1442051a510,705645
a2d2a663-c94b-430a-8ca8-d1442051a510,a46b603e-5bdc-4617-a896-11b2ce319f73,341036
5974edae-2eae-47a2-921e-ced9d610b5a7,a46b603e-5bdc-4617-a896-11b2ce319f73,916202
b54eb810-198e-401f-9f6b-98016cd3d1cc,a46b603e-5bdc-4617-a896-11b2ce319f73,162720
9486c3d9-c6bc-48e6-9494-78e897215372,a46b603e-5bdc-4617-a896-11b2ce319f73,42628
067d6428-d42e-47fa-b427-1213737105ae,ed86f05e-c45c-48be-9e1c-29740cba94de,180085
324263de-65b8-4102-bb21-f41f12a915d7,324263de-65b8-4102-bb21-f41f12a915d7,28272
5426bfd8-08f8-4631-9017-701732b8a0ed,f131bc8d-7762-4cae-968c-25190234735a,120770
9d65493d-0129-4a0e-a79f-498615f58e5f,324263de-65b8-4102-bb21-f41f12a915d7,382402
067d6428-d42e-47fa-b427-1213737105ae,5974edae-2eae-47a2-921e-ced9d610b5a7,764825
5805b597-f154-4674-a340-6b1d96b66c41,d252d01a-6083-4c3d-914c-8e0bf292ede4,285449
1ea4f5fb-de33-4de9-98ea-0c44f2e5b921,5426bfd8-08f8-4631-9017-701732b8a0ed,533010
2a675b2c-7c43-4cdf-bfd5-f8f6c6408c67,2a675b2c-7c43-4cdf-bfd5-f8f6c6408c67,409793
9d65493d-0129-4a0e-a79f-498615f58e5f,2a675b2c-7c43-4cdf-bfd5-f8f6c6408c67,955229
196fcfbd-d42d-4094-82f5-6ab8214a4ed2,2a675b2c-7c43-4cdf-bfd5-f8f6c6408c67,701814
50358b49-1615-4a47-a90e-4b40d83fcb55,9d65493d-0129-4a0e-a79f-498615f58e5f,26586
f131bc8d-7762-4cae-968c-25190234735a,9486c3d9-c6bc-48e6-9494-78e897215372,254806
2a675b2c-7c43-4cdf-bfd5-f8f6c6408c67,50358b49-1615-4a47-a90e-4b40d83fcb55,653288
324263de-65b8-4102-bb21-f41f12a915d7,a2d2a663-c94b-430a-8ca8-d1442051a510,192323
196fcfbd-d42d-4094-82f5-6ab8214a4ed2,1ea4f5fb-de33-4de9-98ea-0c44f2e5b921,423673
d252d01a-6083-4c3d-914c-8e0bf292ede4,b54eb810-198e-401f-9f6b-98016cd3d1cc,723761
a2d2a663-c94b-430a-8ca8-d1442051a510,2a675b2c-7c43-4cdf-bfd5-f8f6c6408c67,753809
50358b49-1615-4a47-a90e-4b40d83fcb55,2d12e2e9-60ee-4e1a-8b00-2bc9bf18785f,606116
1ea4f5fb-de33-4de9-98ea-0c44f2e5b921,1ea4f5fb-de33-4de9-98ea-0c44f2e5b921,657793
ed86f05e-c45c-48be-9e1c-29740cba94de,9d65493d-0129-4a0e-a79f-498615f58e5f,374600
324263de-65b8-4102-bb21-f41f12a915d7,ed86f05e-c45c-48be-9e1c-29740cba94de,223691
50358b49-1615-4a47-a90e-4b40d83fcb55,9d65493d-0129-4a0e-a79f-498615f58e5f,303298
50358b49-1615-4a47-a90e-4b40d83fcb55,5974edae-2eae-47a2-921e-ced9d610b5a7,927605
50358b49-1615-4a47-a90e-4b40d83fcb55,a2d2a663-c94b-430a-8ca8-d1442051a510,623157
ed86f05e-c45c-48be-9e1c-29740cba94de,2d12e2e9-60ee-4e1a-8b00-2bc9bf18785f,453752
a2d2a663-c94b-430a-8ca8-d1442051a510,b54eb810-198e-401f-9f6b-98016cd3d1cc,127260
a46b603e-5bdc-4617-a896-11b2ce319f73,b54eb810-198e-401f-9f6b-98016cd3d1cc,769956
f131bc8d-7762-4cae-968c-25190234735a,a2d2a663-c94b-430a-8ca8-d1442051a510,510377
5426bfd8-08f8-4631-9017-701732b8a0ed,f131bc8d-7762-4cae-968c-25190234735a,49424
a2d2a663-c94b-430a-8ca8-d1442051a510,2d12e2e9-60ee-4e1a-8b00-2bc9bf18785f,775505
1ea4f5fb-de33-4de9-98ea-0c44f2e5b921,d252d01a-6083-4c3d-914c-8e0bf292ede4,945838
b54eb810-198e-401f-9f6b-98016cd3d1cc,9d87346d-9c9d-48c7-bcc3-17cf0aac2c77,998335
d252d01a-6083-4c3d-914c-8e0bf292ede4,50358b49-1615-4a47-a90e-4b40d83fcb55,86324
9d65493d-0129-4a0e-a79f-498615f58e5f,d252d01a-6083-4c3d-914c-8e0bf292ede4,716610
324263de-65b8-4102-bb21-f41f12a915d7,a2d2a663-c94b-430a-8ca8-d1442051a510,279450
196fcfbd-d42d-4094-82f5-6ab8214a4ed2,a2d2a663-c94b-430a-8ca8-d1442051a510,226426
ed86f05e-c45c-48be-9e1c-29740cba94de,9d65493d-0129-4a0e-a79f-498615f58e5f,325276
50358b49-1615-4a47-a90e-4b40d83fcb55,2d12e2e9-60ee-4e1a-8b00-2bc9bf18785f,92636
d252d01a-6083-4c3d-914c-8e0bf292ede4,d252d01a-6083-4c3d-914c-8e0bf292ede4,585176
067d6428-d42e-47fa-b427-1213737105ae,a2d2a663-c94b-430a-8ca8-d1442051a510,364882
196fcfbd-d42d-4094-82f5-6ab8214a4ed2,324263de-65b8-4102-bb21-f41f12a915d7,926305
1ea4f5fb-de33-4de9-98ea-0c44f2e5b921,5426bfd8-08f8-4631-9017-701732b8a0ed,499388
1ea4f5fb-de33-4de9-98ea-0c44f2e5b921,067d6428-d42e-47fa-b427-1213737105ae,961377
5974edae-2eae-47a2-921e-ced9d610b5a7,2d12e2e9-60ee-4e1a-8b00-2bc9bf18785f,393137
196fcfbd-d42d-4094-82f5-6ab8214a4ed2,067d6428-d42e-47fa-b427-1213737105ae,32432
2a675b2c-7c43-4cdf-bfd5-f8f6c6408c67,5426bfd8-08f8-4631-9017-701732b8a0ed,474612
2a675b2c-7c43-4cdf-bfd5-f8f6c6408c67,5426bfd8-08f8-4631-9017-701732b8a0ed,268207
9486c3d9-c6bc-48e6-9494-78e897215372,9486c3d9-c6bc-48e6-9494-78e897215372,898627
a46b603e-5bdc-4617-a896-11b2ce319f73,2a675b2c-7c43-4cdf-bfd5-f8f6c6408c67,78867
9d87346d-9c9d-48c7-bcc3-17cf0aac2c77,50358b49-1615-4a47-a90e-4b40d83fcb55,309875
b920aeec-8462-4077-a9ae-70fd9ccc0e70,ed86f05e-c45c-48be-9e1c-29740cba94de,293219
50358b49-1615-4a47-a90e-4b40d83fcb55,d252d01a-6083-4c3d-914c-8e0bf292ede4,722292
5426bfd8-08f8-4631-9017-701732b8a0ed,5426bfd8-08f8-4631-9017-701732b8a0ed,612838
2d12e2e9-60ee-4e1a-8b00-2bc9bf18785f,a46b603e-5bdc-4617-a896-11b2ce319f73,622282
d252d01a-6083-4c3d-914c-8e0bf292ede4,067d6428-d42e-47fa-b427-1213737105ae,868923
1ea4f5fb-de33-4de9-98ea-0c44f2e5b921,d252d01a-6083-4c3d-914c-8e0bf292ede4,533884
ed86f05e-c45c-48be-9e1c-29740cba94de,196fcfbd-d42d-4094-82f5-6ab8214a4ed2,727899
d252d01a-6083-4c3d-914c-8e0bf292ede4,ed86f05e-c45c-48be-9e1c-29740cba94de,224977
50358b49-1615-4a47-a90e-4b40d83fcb55,1ea4f5fb-de33-4de9-98ea-0c44f2e5b921,703350
50358b49-1615-4a47-a90e-4b40d83fcb55,1ea4f5fb-de33-4de9-98ea-0c44f2e5b921,562652
5426bfd8-08f8-4631-9017-701732b8a0ed,324263de-65b8-4102-bb21-f41f12a915d7,623922
196fcfbd-d42d-4094-82f5-6ab8214a4ed2,d252d01a-6083-4c3d-914c-8e0bf292ede4,289839
9d87346d-9c9d-48c7-bcc3-17cf0aac2c77,5426bfd8-08f8-4631-9017-701732b8a0ed,629644
9d65493d-0129-4a0e-a79f-498615f58e5f,a2d2a663-c94b-430a-8ca8-d1442051a510,222644
9d65493d-0129-4a0e-a79f-498615f58e5f,067d6428-d42e-47fa-b427-1213737105ae,973441
f131bc8d-7762-4cae-968c-25190234735a,b54eb810-198e-401f-9f6b-98016cd3d1cc,677057
2a675b2c-7c43-4cdf-bfd5-f8f6c6408c67,9486c3d9-c6bc-48e6-9494-78e897215372,564373
1ea4f5fb-de33-4de9-98ea-0c44f2e5b921,b54eb810-198e-401f-9f6b-98016cd3d1cc,302644
5805b597-f154-4674-a340-6b1d96b66c41,a2d2a663-c94b-430a-8ca8-d1442051a510,8420
b54eb810-198e-401f-9f6b-98016cd3d1cc,d252d01a-6083-4c3d-914c-8e0bf292ede4,819099
f131bc8d-7762-4cae-968c-25190234735a,5974edae-2eae-47a2-921e-ced9d610b5a7,891838
9d87346d-9c9d-48c7-bcc3-17cf0aac2c77,1ea4f5fb-de33-4de9-98ea-0c44f2e5b921,903672
d252d01a-6083-4c3d-914c-8e0bf292ede4,9d87346d-9c9d-48c7-bcc3-17cf0aac2c77,733386
1ea4f5fb-de33-4de9-98ea-0c44f2e5b921,b54eb810-198e-401f-9f6b-98016cd3d1cc,44595
d252d01a-6083-4c3d-914c-8e0bf292ede4,a46b603e-5bdc-4617-a896-11b2ce319f73,869803
324263de-65b8-4102-bb21-f41f12a915d7,f131bc8d-7762-4cae-968c-25190234735a,727865
196fcfbd-d42d-4094-82f5-6ab8214a4ed2,2d12e2e9-60ee-4e1a-8b00-2bc9bf18785f,839395
5426bfd8-08f8-4631-9017-701732b8a0ed,f131bc8d-7762-4cae-968c-25190234735a,903075
2a675b2c-7c43-4cdf-bfd5-f8f6c6408c67,5426bfd8-08f8-4631-9017-701732b8a0ed,287157
5805b597-f154-4674-a340-6b1d96b66c41,196fcfbd-d42d-4094-82f5-6ab8214a4ed2,850661
2a675b2c-7c43-4cdf-bfd5-f8f6c6408c67,9486c3d9-c6bc-48e6-9494-78e897215372,141105
324263de-65b8-4102-bb21-f41f12a915d7,ed86f05e-c45c-48be-9e1c-29740cba94de,383125
50358b49-1615-4a47-a90e-4b40d83fcb55,324263de-65b8-4102-bb21-f41f12a915d7,261383
50358b49-1615-4a47-a90e-4b40d83fcb55,5426bfd8-08f8-4631-9017-701732b8a0ed,903576
5974edae-2eae-47a2-921e-ced9d610b5a7,324263de-65b8-4102-bb21-f41f12a915d7,346610
b920aeec-8462-4077-a9ae-70fd9ccc0e70,d252d01a-6083-4c3d-914c-8e0bf292ede4,523074
5974edae-2eae-47a2-921e-ced9d610b5a7,a46b603e-5bdc-4617-a896-11b2ce319f73,803295
9d87346d-9c9d-48c7-bcc3-17cf0aac2c77,1ea4f5fb-de33-4de9-98ea-0c44f2e5b921,845996
ed86f05e-c45c-48be-9e1c-29740cba94de,9486c3d9-c6bc-48e6-9494-78e897215372,69616
5805b597-f154-4674-a340-6b1d96b66c41,196fcfbd-d42d-4094-82f5-6ab8214a4ed2,531356
a46b603e-5bdc-4617-a896-11b2ce319f73,5805b597-f154-4674-a340-6b1d96b66c41,622183
067d6428-d42e-47fa-b427-1213737105ae,a2d2a663-c94b-430a-8ca8-d1442051a510,414004
f131bc8d-7762-4cae-968c-25190234735a,50358b49-1615-4a47-a90e-4b40d83fcb55,652462
ed86f05e-c45c-48be-9e1c-29740cba94de,067d6428-d42e-47fa-b427-1213737105ae,950034
a46b603e-5bdc-4617-a896-11b2ce319f73,2a675b2c-7c43-4cdf-bfd5-f8f6c6408c67,55095
b920aeec-8462-4077-a9ae-70fd9ccc0e70,9486c3d9-c6bc-48e6-9494-78e897215372,701326
1ea4f5fb-de33-4de9-98ea-0c44f2e5b921,2d12e2e9-60ee-4e1a-8b00-2bc9bf18785f,903863
50358b49-1615-4a47-a90e-4b40d83fcb55,5426bfd8-08f8-4631-9017-701732b8a0ed,266745
324263de-65b8-4102-bb21-f41f12a915d7,b54eb810-198e-401f-9f6b-98016cd3d1cc,56305
9d65493d-0129-4a0e-a79f-498615f58e5f,ed86f05e-c45c-48be-9e1c-29740cba94de,123742
b54eb810-198e-401f-9f6b-98016cd3d1cc,b920aeec-8462-4077-a9ae-70fd9ccc0e70,432524
ed86f05e-c45c-48be-9e1c-29740cba94de,b920aeec-8462-4077-a9ae-70fd9ccc0e70,681424
9d87346d-9c9d-48c7-bcc3-17cf0aac2c77,50358b49-1615-4a47-a90e-4b40d83fcb55,507583
b54eb810-198e-401f-9f6b-98016cd3d1cc,2a675b2c-7c43-4cdf-bfd5-f8f6c6408c67,160990
b920aeec-8462-4077-a9ae-70fd9ccc0e70,b920aeec-8462-4077-a9ae-70fd9ccc0e70,780914
324263de-65b8-4102-bb21-f41f12a915d7,d252d01a-6083-4c3d-914c-8e0bf292ede4,544741
1ea4f5fb-de33-4de9-98ea-0c44f2e5b921,50358b49-1615-4a47-a90e-4b40d83fcb55,788212
f131bc8d-7762-4cae-968c-25190234735a,067d6428-d42e-47fa-b427-1213737105ae,18139
5805b597-f154-4674-a340-6b1d96b66c41,b54eb810-198e-401f-9f6b-98016cd3d1cc,61598
196fcfbd-d42d-4094-82f5-6ab8214a4ed2,9486c3d9-c6bc-48e6-9494-78e897215372,748572
5426bfd8-08f8-4631-9017-701732b8a0ed,9d87346d-9c9d-48c7-bcc3-17cf0aac2c77,66500
324263de-65b8-4102-bb21-f41f12a915d7,b54eb810-198e-401f-9f6b-98016cd3d1cc,671683
5974edae-2eae-47a2-921e-ced9d610b5a7,b54eb810-198e-401f-9f6b-98016cd3d1cc,732614
d252d01a-6083-4c3d-914c-8e0bf292ede4,9d65493d-0129-4a0e-a79f-498615f58e5f,566359
b54eb810-198e-401f-9f6b-98016cd3d1cc,5805b597-f154-4674-a340-6b1d96b66c41,880361
ed86f05e-c45c-48be-9e1c-29740cba94de,9d87346d-9c9d-48c7-bcc3-17cf0aac2c77,58658
196fcfbd-d42d-4094-82f5-6ab8214a4ed2,b920aeec-8462-4077-a9ae-70fd9ccc0e70,55118
9486c3d9-c6bc-48e6-9494-78e897215372,f131bc8d-7762-4cae-968c-25190234735a,819319
9486c3d9-c6bc-48e6-9494-78e897215372,b54eb810-198e-401f-9f6b-98016cd3d1cc,326813
50358b49-1615-4a47-a90e-4b40d83fcb55,ed86f05e-c45c-48be-9e1c-29740cba94de,859059
5974edae-2eae-47a2-921e-ced9d610b5a7,5805b597-f154-4674-a340-6b1d96b66c41,627475
50358b49-1615-4a47-a90e-4b40d83fcb55,a46b603e-5bdc-4617-a896-11b2ce319f73,774345
324263de-65b8-4102-bb21-f41f12a915d7,b920aeec-8462-4077-a9ae-70fd9ccc0e70,184566
9d87346d-9c9d-48c7-bcc3-17cf0aac2c77,2d12e2e9-60ee-4e1a-8b00-2bc9bf18785f,837723
2a675b2c-7c43-4cdf-bfd5-f8f6c6408c67,5974edae-2eae-47a2-921e-ced9d610b5a7,311839
196fcfbd-d42d-4094-82f5-6ab8214a4ed2,324263de-65b8-4102-bb21-f41f12a915d7,897732
b54eb810-198e-401f-9f6b-98016cd3d1cc,f131bc8d-7762-4cae-968c-25190234735a,479018
a2d2a663-c94b-430a-8ca8-d1442051a510,2d12e2e9-60ee-4e1a-8b00-2bc9bf18785f,521722
b920aeec-8462-4077-a9ae-70fd9ccc0e70,9d87346d-9c9d-48c7-bcc3-17cf0aac2c77,191154
9d65493d-0129-4a0e-a79f-498615f58e5f,50358b49-1615-4a47-a90e-4b40d83fcb55,415735
b54eb810-198e-401f-9f6b-98016cd3d1cc,a2d2a663-c94b-430a-8ca8-d1442051a510,937320
a2d2a663-c94b-430a-8ca8-d1442051a510,50358b49-1615-4a47-a90e-4b40d83fcb55,464354
50358b49-1615-4a47-a90e-4b40d83fcb55,5426bfd8-08f8-4631-9017-701732b8a0ed,290546
196fcfbd-d42d-4094-82f5-6ab8214a4ed2,f131bc8d-7762-4cae-968c-25190234735a,356680
2a675b2c-7c43-4cdf-bfd5-f8f6c6408c67,196fcfbd-d42d-4094-82f5-6ab8214a4ed2,402904
5426bfd8-08f8-4631-9017-701732b8a0ed,d252d01a-6083-4c3d-914c-8e0bf292ede4,388657
196fcfbd-d42d-4094-82f5-6ab8214a4ed2,50358b49-1615-4a47-a90e-4b40d83fcb55,884087
b920aeec-8462-4077-a9ae-70fd9ccc0e70,2d12e2e9-60ee-4e1a-8b00-2bc9bf18785f,183072
a46b603e-5bdc-4617-a896-11b2ce319f73,196fcfbd-d42d-4094-82f5-6ab8214a4ed2,508663
9486c3d9-c6bc-48e6-9494-78e897215372,a2d2a663-c94b-430a-8ca8-d1442051a510,711683
1ea4f5fb-de33-4de9-98ea-0c44f2e5b921,d252d01a-6083-4c3d-914c-8e0bf292ede4,77757
b54eb810-198e-401f-9f6b-98016cd3d1cc,9d65493d-0129-4a0e-a79f-498615f58e5f,425387
2d12e2e9-60ee-4e1a-8b00-2bc9bf18785f,324263de-65b8-4102-bb21-f41f12a915d7,901146
5805b597-f154-4674-a340-6b1d96b66c41,ed86f05e-c45c-48be-9e1c-29740cba94de,51272
1ea4f5fb-de33-4de9-98ea-0c44f2e5b921,067d6428-d42e-47fa-b427-1213737105ae,488495
196fcfbd-d42d-4094-82f5-6ab8214a4ed2,5974edae-2eae-47a2-921e-ced9d610b5a7,535747
5426bfd8-08f8-4631-9017-701732b8a0ed,1ea4f5fb-de33-4de9-98ea-0c44f2e5b921,882117
b920aeec-8462-4077-a9ae-70fd9ccc0e70,324263de-65b8-4102-bb21-f41f12a915d7,717820
2d12e2e9-60ee-4e1a-8b00-2bc9bf18785f,a2d2a663-c94b-430a-8ca8-d1442051a510,392404
9d65493d-0129-4a0e-a79f-498615f58e5f,9486c3d9-c6bc-48e6-9494-78e897215372,99509
b920aeec-8462-4077-a9ae-70fd9ccc0e70,067d6428-d42e-47fa-b427-1213737105ae,569648
9d65493d-0129-4a0e-a79f-498615f58e5f,9d65493d-0129-4a0e-a79f-498615f58e5f,929725
5974edae-2eae-47a2-921e-ced9d610b5a7,b54eb810-198e-401f-9f6b-98016cd3d1cc,825889
067d6428-d42e-47fa-b427-1213737105ae,067d6428-d42e-47fa-b427-1213737105ae,357284
d252d01a-6083-4c3d-914c-8e0bf292ede4,1ea4f5fb-de33-4de9-98ea-0c44f2e5b921,171678
f131bc8d-7762-4cae-968c-25190234735a,b920aeec-8462-4077-a9ae-70fd9ccc0e70,667519
a46b603e-5bdc-4617-a896-11b2ce319f73,50358b49-1615-4a47-a90e-4b40d83fcb55,147235
324263de-65b8-4102-bb21-f41f12a915d7,5974edae-2eae-47a2-921e-ced9d610b5a7,862866
ed86f05e-c45c-48be-9e1c-29740cba94de,50358b49-1615-4a47-a90e-4b40d83fcb55,225058
9486c3d9-c6bc-48e6-9494-78e897215372,2a675b2c-7c43-4cdf-bfd5-f8f6c6408c67,722595
067d6428-d42e-47fa-b427-1213737105ae,b54eb810-198e-401f-9f6b-98016cd3d1cc,784015
5974edae-2eae-47a2-921e-ced9d610b5a7,1ea4f5fb-de33-4de9-98ea-0c44f2e5b921,983558
50358b49-1615-4a47-a90e-4b40d83fcb55,196fcfbd-d42d-4094-82f5-6ab8214a4ed2,92792
5426bfd8-08f8-4631-9017-701732b8a0ed,a2d2a663-c94b-430a-8ca8-d1442051a510,43438
9486c3d9-c6bc-48e6-9494-78e897215372,1ea4f5fb-de33-4de9-98ea-0c44f2e5b921,57968
a2d2a663-c94b-430a-8ca8-d1442051a510,a46b603e-5bdc-4617-a896-11b2ce319f73,406351
b54eb810-198e-401f-9f6b-98016cd3d1cc,a2d2a663-c94b-430a-8ca8-d1442051a510,656516
a46b603e-5bdc-4617-a896-11b2ce319f73,a2d2a663-c94b-430a-8ca8-d1442051a510,988765
9486c3d9-c6bc-48e6-9494-78e897215372,067d6428-d42e-47fa-b427-1213737105ae,26740
5426bfd8-08f8-4631-9017-701732b8a0ed,50358b49-1615-4a47-a90e-4b40d83fcb55,217135
a2d2a663-c94b-430a-8ca8-d1442051a510,9d65493d-0129-4a0e-a79f-498615f58e5f,923442
2d12e2e9-60ee-4e1a-8b00-2bc9bf18785f,50358b49-1615-4a47-a90e-4b40d83fcb55,86621
a46b603e-5bdc-4617-a896-11b2ce319f73,f131bc8d-7762-4cae-968c-25190234735a,859868
324263de-65b8-4102-bb21-f41f12a915d7,50358b49-1615-4a47-a90e-4b40d83fcb55,600859
067d6428-d42e-47fa-b427-1213737105ae,b920aeec-8462-4077-a9ae-70fd9ccc0e70,226994
5426bfd8-08f8-4631-9017-701732b8a0ed,5426bfd8-08f8-4631-9017-701732b8a0ed,334688
a2d2a663-c94b-430a-8ca8-d1442051a510,9d65493d-0129-4a0e-a79f-498615f58e5f,424390
a46b603e-5bdc-4617-a896-11b2ce319f73,9d87346d-9c9d-48c7-bcc3-17cf0aac2c77,495079
5974edae-2eae-47a2-921e-ced9d610b5a7,5426bfd8-08f8-4631-9017-701732b8a0ed,685015
2d12e2e9-60ee-4e1a-8b00-2bc9bf18785f,324263de-65b8-4102-bb21-f41f12a915d7,698324
5426bfd8-08f8-4631-9017-701732b8a0ed,196fcfbd-d42d-4094-82f5-6ab8214a4ed2,239905
f131bc8d-7762-4cae-968c-25190234735a,f131bc8d-7762-4cae-968c-25190234735a,394504
2d12e2e9-60ee-4e1a-8b00-2bc9bf18785f,b920aeec-8462-4077-a9ae-70fd9ccc0e70,468116
196fcfbd-d42d-4094-82f5-6ab8214a4ed2,a46b603e-5bdc-4617-a896-11b2ce319f73,755253
a2d2a663-c94b-430a-8ca8-d1442051a510,2d12e2e9-60ee-4e1a-8b00-2bc9bf18785f,767924
196fcfbd-d42d-4094-82f5-6ab8214a4ed2,067d6428-d42e-47fa-b427-1213737105ae,640186
196fcfbd-d42d-4094-82f5-6ab8214a4ed2,ed86f05e-c45c-48be-9e1c-29740cba94de,899547
5974edae-2eae-47a2-921e-ced9d610b5a7,a2d2a663-c94b-430a-8ca8-d1442051a510,196043
324263de-65b8-4102-bb21-f41f12a915d7,9d87346d-9c9d-48c7-bcc3-17cf0aac2c77,810259
9d87346d-9c9d-48c7-bcc3-17cf0aac2c77,a2d2a663-c94b-430a-8ca8-d1442051a510,490184
b54eb810-198e-401f-9f6b-98016cd3d1cc,1ea4f5fb-de33-4de9-98ea-0c44f2e5b921,265178
50358b49-1615-4a47-a90e-4b40d83fcb55,a2d2a663-c94b-430a-8ca8-d1442051a510,95414
5426bfd8-08f8-4631-9017-701732b8a0ed,b54eb810-198e-401f-9f6b-98016cd3d1cc,103656
50358b49-1615-4a47-a90e-4b40d83fcb55,1ea4f5fb-de33-4de9-98ea-0c44f2e5b921,409266
196fcfbd-d42d-4094-82f5-6ab8214a4ed2,9d87346d-9c9d-48c7-bcc3-17cf0aac2c77,37211
5974edae-2eae-47a2-921e-ced9d610b5a7,a2d2a663-c94b-430a-8ca8-d1442051a510,425708
ed86f05e-c45c-48be-9e1c-29740cba94de,50358b49-1615-4a47-a90e-4b40d83fcb55,641954
9d87346d-9c9d-48c7-bcc3-17cf0aac2c77,9d65493d-0129-4a0e-a79f-498615f58e5f,264881
196fcfbd-d42d-4094-82f5-6ab8214a4ed2,2a675b2c-7c43-4cdf-bfd5-f8f6c6408c67,724543
2d12e2e9-60ee-4e1a-8b00-2bc9bf18785f,9d87346d-9c9d-48c7-bcc3-17cf0aac2c77,968269
5805b597-f154-4674-a340-6b1d96b66c41,324263de-65b8-4102-bb21-f41f12a915d7,555397
2a675b2c-7c43-4cdf-bfd5-f8f6c6408c67,b54eb810-198e-401f-9f6b-98016cd3d1cc,651230
d252d01a-6083-4c3d-914c-8e0bf292ede4,067d6428-d42e-47fa-b427-1213737105ae,584992
9d65493d-0129-4a0e-a79f-498615f58e5f,2a675b2c-7c43-4cdf-bfd5-f8f6c6408c67,598613
9486c3d9-c6bc-48e6-9494-78e897215372,ed86f05e-c45c-48be-9e1c-29740cba94de,295510
5974edae-2eae-47a2-921e-ced9d610b5a7,5974edae-2eae-47a2-921e-ced9d610b5a7,685434
b54eb810-198e-401f-9f6b-98016cd3d1cc,1ea4f5fb-de33-4de9-98ea-0c44f2e5b921,47241
ed86f05e-c45c-48be-9e1c-29740cba94de,9486c3d9-c6bc-48e6-9494-78e897215372,471992
50358b49-1615-4a47-a90e-4b40d83fcb55,196fcfbd-d42d-4094-82f5-6ab8214a4ed2,958377
5426bfd8-08f8-4631-9017-701732b8a0ed,a46b603e-5bdc-4617-a896-11b2ce319f73,419215
b920aeec-8462-4077-a9ae-70fd9ccc0e70,067d6428-d42e-47fa-b427-1213737105ae,602907
b54eb810-198e-401f-9f6b-98016cd3d1cc,067d6428-d42e-47fa-b427-1213737105ae,382164
067d6428-d42e-47fa-b427-1213737105ae,f131bc8d-7762-4cae-968c-25190234735a,398544
a46b603e-5bdc-4617-a896-11b2ce319f73,9d65493d-0129-4a0e-a79f-498615f58e5f,80891
1ea4f5fb-de33-4de9-98ea-0c44f2e5b921,a2d2a663-c94b-430a-8ca8-d1442051a510,46470
2a675b2c-7c43-4cdf-bfd5-f8f6c6408c67,d252d01a-6083-4c3d-914c-8e0bf292ede4,240136
9486c3d9-c6bc-48e6-9494-78e897215372,196fcfbd-d42d-4094-82f5-6ab8214a4ed2,719722
a46b603e-5bdc-4617-a896-11b2ce319f73,2a675b2c-7c43-4cdf-bfd5-f8f6c6408c67,564438
ed86f05e-c45c-48be-9e1c-29740cba94de,50358b49-1615-4a47-a90e-4b40d83fcb55,328168
1ea4f5fb-de33-4de9-98ea-0c44f2e5b921,1ea4f5fb-de33-4de9-98ea-0c44f2e5b921,580778
9d87346d-9c9d-48c7-bcc3-17cf0aac2c77,b54eb810-198e-401f-9f6b-98016cd3d1cc,595470
9d65493d-0129-4a0e-a79f-498615f58e5f,ed86f05e-c45c-48be-9e1c-29740cba94de,207986
196fcfbd-d42d-4094-82f5-6ab8214a4ed2,067d6428-d42e-47fa-b427-1213737105ae,637070
d252d01a-6083-4c3d-914c-8e0bf292ede4,9d65493d-0129-4a0e-a79f-498615f58e5f,456862
324263de-65b8-4102-bb21-f41f12a915d7,5974edae-2eae-47a2-921e-ced9d610b5a7,880155
b920aeec-8462-4077-a9ae-70fd9ccc0e70,5974edae-2eae-47a2-921e-ced9d610b5a7,537665
a2d2a663-c94b-430a-8ca8-d1442051a510,9d87346d-9c9d-48c7-bcc3-17cf0aac2c77,11307
50358b49-1615-4a47-a90e-4b40d83fcb55,5426bfd8-08f8-4631-9017-701732b8a0ed,12514
5805b597-f154-4674-a340-6b1d96b66c41,9486c3d9-c6bc-48e6-9494-78e897215372,431933
a46b603e-5bdc-4617-a896-11b2ce319f73,324263de-65b8-4102-bb21-f41f12a915d7,644475
1ea4f5fb-de33-4de9-98ea-0c44f2e5b921,b54eb810-198e-401f-9f6b-98016cd3d1cc,112160
5974edae-2eae-47a2-921e-ced9d610b5a7,f131bc8d-7762-4cae-968c-25190234735a,718610
9486c3d9-c6bc-48e6-9494-78e897215372,a2d2a663-c94b-430a-8ca8-d1442051a510,168744
1ea4f5fb-de33-4de9-98ea-0c44f2e5b921,a2d2a663-c94b-430a-8ca8-d1442051a510,83327
2d12e2e9-60ee-4e1a-8b00-2bc9bf18785f,1ea4f5fb-de33-4de9-98ea-0c44f2e5b921,788759
2d12e2e9-60ee-4e1a-8b00-2bc9bf18785f,2a675b2c-7c43-4cdf-bfd5-f8f6c6408c67,146340
324263de-65b8-4102-bb21-f41f12a915d7,5974edae-2eae-47a2-921e-ced9d610b5a7,139523
b54eb810-198e-401f-9f6b-98016cd3d1cc,5426bfd8-08f8-4631-9017-701732b8a0ed,98746
a46b603e-5bdc-4617-a896-11b2ce319f73,a2d2a663-c94b-430a-8ca8-d1442051a510,727948
9d65493d-0129-4a0e-a79f-498615f58e5f,ed86f05e-c45c-48be-9e1c-29740cba94de,453268
9486c3d9-c6bc-48e6-9494-78e897215372,9d87346d-9c9d-48c7-bcc3-17cf0aac2c77,733468
9486c3d9-c6bc-48e6-9494-78e897215372,f131bc8d-7762-4cae-968c-25190234735a,643951
f131bc8d-7762-4cae-968c-25190234735a,9486c3d9-c6bc-48e6-9494-78e897215372,362136
9486c3d9-c6bc-48e6-9494-78e897215372,5805b597-f154-4674-a340-6b1d96b66c41,775020
1ea4f5fb-de33-4de9-98ea-0c44f2e5b921,9d87346d-9c9d-48c7-bcc3-17cf0aac2c77,649900
324263de-65b8-4102-bb21-f41f12a915d7,1ea4f5fb-de33-4de9-98ea-0c44f2e5b921,754510
1ea4f5fb-de33-4de9-98ea-0c44f2e5b921,9486c3d9-c6bc-48e6-9494-78e897215372,463067
a2d2a663-c94b-430a-8ca8-d1442051a510,f131bc8d-7762-4cae-968c-25190234735a,402144
a2d2a663-c94b-430a-8ca8-d1442051a510,9d87346d-9c9d-48c7-bcc3-17cf0aac2c77,88207
2a675b2c-7c43-4cdf-bfd5-f8f6c6408c67,1ea4f5fb-de33-4de9-98ea-0c44f2e5b921,561560
50358b49-1615-4a47-a90e-4b40d83fcb55,2d12e2e9-60ee-4e1a-8b00-2bc9bf18785f,739260
196fcfbd-d42d-4094-82f5-6ab8214a4ed2,5426bfd8-08f8-4631-9017-701732b8a0ed,732558
5426bfd8-08f8-4631-9017-701732b8a0ed,a2d2a663-c94b-430a-8ca8-d1442051a510,676250
1ea4f5fb-de33-4de9-98ea-0c44f2e5b921,d252d01a-6083-4c3d-914c-8e0bf292ede4,686708
b920aeec-8462-4077-a9ae-70fd9ccc0e70,d252d01a-6083-4c3d-914c-8e0bf292ede4,984531
1ea4f5fb-de33-4de9-98ea-0c44f2e5b921,a46b603e-5bdc-4617-a896-11b2ce319f73,356312
9486c3d9-c6bc-48e6-9494-78e897215372,d252d01a-6083-4c3d-914c-8e0bf292ede4,170644
5426bfd8-08f8-4631-9017-701732b8a0ed,9d87346d-9c9d-48c7-bcc3-17cf0aac2c77,789465
1ea4f5fb-de33-4de9-98ea-0c44f2e5b921,196fcfbd-d42d-4094-82f5-6ab8214a4ed2,360048
324263de-65b8-4102-bb21-f41f12a915d7,9d87346d-9c9d-48c7-bcc3-17cf0aac2c77,358182
b54eb810-198e-401f-9f6b-98016cd3d1cc,067d6428-d42e-47fa-b427-1213737105ae,566789
9d87346d-9c9d-48c7-bcc3-17cf0aac2c77,ed86f05e-c45c-48be-9e1c-29740cba94de,193376
196fcfbd-d42d-4094-82f5-6ab8214a4ed2,196fcfbd-d42d-4094-82f5-6ab8214a4ed2,710461
2d12e2e9-60ee-4e1a-8b00-2bc9bf18785f,5805b597-f154-4674-a340-6b1d96b66c41,201092
9486c3d9-c6bc-48e6-9494-78e897215372,a46b603e-5bdc-4617-a896-11b2ce319f73,967794
5805b597-f154-4674-a340-6b1d96b66c41,5426bfd8-08f8-4631-9017-701732b8a0ed,68334
5974edae-2eae-47a2-921e-ced9d610b5a7,9d65493d-0129-4a0e-a79f-498615f58e5f,272007
f131bc8d-7762-4cae-968c-25190234735a,9d65493d-0129-4a0e-a79f-498615f58e5f,364060
5426bfd8-08f8-4631-9017-701732b8a0ed,196fcfbd-d42d-4094-82f5-6ab8214a4ed2,636594
9486c3d9-c6bc-48e6-9494-78e897215372,b920aeec-8462-4077-a9ae-70fd9ccc0e70,59971
2d12e2e9-60ee-4e1a-8b00-2bc9bf18785f,b54eb810-198e-401f-9f6b-98016cd3d1cc,554850
ed86f05e-c45c-48be-9e1c-29740cba94de,5974edae-2eae-47a2-921e-ced9d610b5a7,606296
a46b603e-5bdc-4617-a896-11b2ce319f73,b920aeec-8462-4077-a9ae-70fd9ccc0e70,517795
5426bfd8-08f8-4631-9017-701732b8a0ed,2a675b2c-7c43-4cdf-bfd5-f8f6c6408c67,913450
067d6428-d42e-47fa-b427-1213737105ae,50358b49-1615-4a47-a90e-4b40d83fcb55,775091
196fcfbd-d42d-4094-82f5-6ab8214a4ed2,324263de-65b8-4102-bb21-f41f12a915d7,315552
ed86f05e-c45c-48be-9e1c-29740cba94de,b920aeec-8462-4077-a9ae-70fd9ccc0e70,25981
9486c3d9-c6bc-48e6-9494-78e897215372,067d6428-d42e-47fa-b427-1213737105ae,353285
d252d01a-6083-4c3d-914c-8e0bf292ede4,f131bc8d-7762-4cae-968c-25190234735a,208976
9486c3d9-c6bc-48e6-9494-78e897215372,f131bc8d-7762-4cae-968c-25190234735a,134515
9d65493d-0129-4a0e-a79f-498615f58e5f,a46b603e-5bdc-4617-a896-11b2ce319f73,293904
5426bfd8-08f8-4631-9017-701732b8a0ed,067d6428-d42e-47fa-b427-1213737105ae,695740
d252d01a-6083-4c3d-914c-8e0bf292ede4,5426bfd8-08f8-4631-9017-701732b8a0ed,420298
9d87346d-9c9d-48c7-bcc3-17cf0aac2c77,a2d2a663-c94b-430a-8ca8-d1442051a510,254637
1ea4f5fb-de33-4de9-98ea-0c44f2e5b921,9d65493d-0129-4a0e-a79f-498615f58e5f,787281
324263de-65b8-4102-bb21-f41f12a915d7,1ea4f5fb-de33-4de9-98ea-0c44f2e5b921,666507
a2d2a663-c94b-430a-8ca8-d1442051a510,196fcfbd-d42d-4094-82f5-6ab8214a4ed2,740755
5974edae-2eae-47a2-921e-ced9d610b5a7,2d12e2e9-60ee-4e1a-8b00-2bc9bf18785f,747869
9d65493d-0129-4a0e-a79f-498615f58e5f,5974edae-2eae-47a2-921e-ced9d610b5a7,276887
b920aeec-8462-4077-a9ae-70fd9ccc0e70,b54eb810-198e-401f-9f6b-98016cd3d1cc,419117
067d6428-d42e-47fa-b427-1213737105ae,ed86f05e-c45c-48be-9e1c-29740cba94de,408899
9d65493d-0129-4a0e-a79f-498615f58e5f,9d87346d-9c9d-48c7-bcc3-17cf0aac2c77,875976
067d6428-d42e-47fa-b427-1213737105ae,5426bfd8-08f8-4631-9017-701732b8a0ed,254571
a46b603e-5bdc-4617-a896-11b2ce319f73,5805b597-f154-4674-a340-6b1d96b66c41,318321
b920aeec-8462-4077-a9ae-70fd9ccc0e70,5805b597-f154-4674-a340-6b1d96b66c41,733693
1ea4f5fb-de33-4de9-98ea-0c44f2e5b921,1ea4f5fb-de33-4de9-98ea-0c44f2e5b921,439751
324263de-65b8-4102-bb21-f41f12a915d7,324263de-65b8-4102-bb21-f41f12a915d7,444101
324263de-65b8-4102-bb21-f41f12a915d7,9d87346d-9c9d-48c7-bcc3-17cf0aac2c77,197151
ed86f05e-c45c-48be-9e1c-29740cba94de,9d87346d-9c9d-48c7-bcc3-17cf0aac2c77,806199
a46b603e-5bdc-4617-a896-11b2ce319f73,9d87346d-9c9d-48c7-bcc3-17cf0aac2c77,528001
324263de-65b8-4102-bb21-f41f12a915d7,5426bfd8-08f8-4631-9017-701732b8a0ed,263132
ed86f05e-c45c-48be-9e1c-29740cba94de,2a675b2c-7c43-4cdf-bfd5-f8f6c6408c67,171726
f131bc8d-7762-4cae-968c-25190234735a,ed86f05e-c45c-48be-9e1c-29740cba94de,723295
f131bc8d-7762-4cae-968c-25190234735a,5426bfd8-08f8-4631-9017-701732b8a0ed,764941
5426bfd8-08f8-4631-9017-701732b8a0ed,2a675b2c-7c43-4cdf-bfd5-f8f6c6408c67,694493
b54eb810-198e-401f-9f6b-98016cd3d1cc,50358b49-1615-4a47-a90e-4b40d83fcb55,116110
067d6428-d42e-47fa-b427-1213737105ae,9486c3d9-c6bc-48e6-9494-78e897215372,690977
067d6428-d42e-47fa-b427-1213737105ae,1ea4f5fb-de33-4de9-98ea-0c44f2e5b921,994864
9486c3d9-c6bc-48e6-9494-78e897215372,b54eb810-198e-401f-9f6b-98016cd3d1cc,765444
196fcfbd-d42d-4094-82f5-6ab8214a4ed2,2d12e2e9-60ee-4e1a-8b00-2bc9bf18785f,480502
f131bc8d-7762-4cae-968c-25190234735a,5974edae-2eae-47a2-921e-ced9d610b5a7,909710
b920aeec-8462-4077-a9ae-70fd9ccc0e70,9d65493d-0129-4a0e-a79f-498615f58e5f,435574
324263de-65b8-4102-bb21-f41f12a915d7,9d65493d-0129-4a0e-a79f-498615f58e5f,526032
1ea4f5fb-de33-4de9-98ea-0c44f2e5b921,2d12e2e9-60ee-4e1a-8b00-2bc9bf18785f,510737
067d6428-d42e-47fa-b427-1213737105ae,d252d01a-6083-4c3d-914c-8e0bf292ede4,58335
b54eb810-198e-401f-9f6b-98016cd3d1cc,5426bfd8-08f8-4631-9017-701732b8a0ed,539832
2d12e2e9-60ee-4e1a-8b00-2bc9bf18785f,d252d01a-6083-4c3d-914c-8e0bf292ede4,908824
067d6428-d42e-47fa-b427-1213737105ae,f131bc8d-7762-4cae-968c-25190234735a,443314
5805b597-f154-4674-a340-6b1d96b66c41,5426bfd8-08f8-4631-9017-701732b8a0ed,671072
f131bc8d-7762-4cae-968c-25190234735a,ed86f05e-c45c-48be-9e1c-29740cba94de,466673
b920aeec-8462-4077-a9ae-70fd9ccc0e70,a2d2a663-c94b-430a-8ca8-d1442051a510,184068
067d6428-d42e-47fa-b427-1213737105ae,d252d01a-6083-4c3d-914c-8e0bf292ede4,243545
a46b603e-5bdc-4617-a896-11b2ce319f73,2d12e2e9-60ee-4e1a-8b00-2bc9bf18785f,729904
f131bc8d-7762-4cae-968c-25190234735a,324263de-65b8-4102-bb21-f41f12a915d7,996357
9d87346d-9c9d-48c7-bcc3-17cf0aac2c77,2a675b2c-7c43-4cdf-bfd5-f8f6c6408c67,371102
2a675b2c-7c43-4cdf-bfd5-f8f6c6408c67,d252d01a-6083-4c3d-914c-8e0bf292ede4,931656
a46b603e-5bdc-4617-a896-11b2ce319f73,d252d01a-6083-4c3d-914c-8e0bf292ede4,312236
a2d2a663-c94b-430a-8ca8-d1442051a510,a2d2a663-c94b-430a-8ca8-d1442051a510,240472
067d6428-d42e-47fa-b427-1213737105ae,d252d01a-6083-4c3d-914c-8e0bf292ede4,171598
a46b603e-5bdc-4617-a896-11b2ce319f73,5426bfd8-08f8-4631-9017-701732b8a0ed,125167
5974edae-2eae-47a2-921e-ced9d610b5a7,2a675b2c-7c43-4cdf-bfd5-f8f6c6408c67,217588
2d12e2e9-60ee-4e1a-8b00-2bc9bf18785f,a2d2a663-c94b-430a-8ca8-d1442051a510,407952
5805b597-f154-4674-a340-6b1d96b66c41,2a675b2c-7c43-4cdf-bfd5-f8f6c6408c67,856812
5974edae-2eae-47a2-921e-ced9d610b5a7,a46b603e-5bdc-4617-a896-11b2ce319f73,676280
5426bfd8-08f8-4631-9017-701732b8a0ed,1ea4f5fb-de33-4de9-98ea-0c44f2e5b921,835662
9d87346d-9c9d-48c7-bcc3-17cf0aac2c77,9d65493d-0129-4a0e-a79f-498615f58e5f,150000
a2d2a663-c94b-430a-8ca8-d1442051a510,5805b597-f154-4674-a340-6b1d96b66c41,583928
067d6428-d42e-47fa-b427-1213737105ae,324263de-65b8-4102-bb21-f41f12a915d7,371320
9d87346d-9c9d-48c7-bcc3-17cf0aac2c77,067d6428-d42e-47fa-b427-1213737105ae,939631
5805b597-f154-4674-a340-6b1d96b66c41,324263de-65b8-4102-bb21-f41f12a915d7,365336
067d6428-d42e-47fa-b427-1213737105ae,a46b603e-5bdc-4617-a896-11b2ce319f73,942765
b920aeec-8462-4077-a9ae-70fd9ccc0e70,067d6428-d42e-47fa-b427-1213737105ae,66491
324263de-65b8-4102-bb21-f41f12a915d7,b54eb810-198e-401f-9f6b-98016cd3d1cc,898721
324263de-65b8-4102-bb21-f41f12a915d7,324263de-65b8-4102-bb21-f41f12a915d7,408357
5426bfd8-08f8-4631-9017-701732b8a0ed,5805b597-f154-4674-a340-6b1d96b66c41,235772
50358b49-1615-4a47-a90e-4b40d83fcb55,50358b49-1615-4a47-a90e-4b40d83fcb55,66227
2d12e2e9-60ee-4e1a-8b00-2bc9bf18785f,ed86f05e-c45c-48be-9e1c-29740cba94de,464327
9d65493d-0129-4a0e-a79f-498615f58e5f,067d6428-d42e-47fa-b427-1213737105ae,813866
1ea4f5fb-de33-4de9-98ea-0c44f2e5b921,1ea4f5fb-de33-4de9-98ea-0c44f2e5b921,999068
5426bfd8-08f8-4631-9017-701732b8a0ed,5805b597-f154-4674-a340-6b1d96b66c41,728773
b920aeec-8462-4077-a9ae-70fd9ccc0e70,50358b49-1615-4a47-a90e-4b40d83fcb55,672580
067d6428-d42e-47fa-b427-1213737105ae,5426bfd8-08f8-4631-9017-701732b8a0ed,974544
2d12e2e9-60ee-4e1a-8b00-2bc9bf18785f,196fcfbd-d42d-4094-82f5-6ab8214a4ed2,446471
196fcfbd-d42d-4094-82f5-6ab8214a4ed2,b54eb810-198e-401f-9f6b-98016cd3d1cc,306168
324263de-65b8-4102-bb21-f41f12a915d7,a2d2a663-c94b-430a-8ca8-d1442051a510,402434
9d65493d-0129-4a0e-a79f-498615f58e5f,5805b597-f154-4674-a340-6b1d96b66c41,399577
324263de-65b8-4102-bb21-f41f12a915d7,324263de-65b8-4102-bb21-f41f12a915d7,491528
d252d01a-6083-4c3d-914c-8e0bf292ede4,5974edae-2eae-47a2-921e-ced9d610b5a7,997507
324263de-65b8-4102-bb21-f41f12a915d7,9d65493d-0129-4a0e-a79f-498615f58e5f,795991
b920aeec-8462-4077-a9ae-70fd9ccc0e70,067d6428-d42e-47fa-b427-1213737105ae,996724
a46b603e-5bdc-4617-a896-11b2ce319f73,067d6428-d42e-47fa-b427-1213737105ae,998327
d252d01a-6083-4c3d-914c-8e0bf292ede4,5974edae-2eae-47a2-921e-ced9d610b5a7,291769
5974edae-2eae-47a2-921e-ced9d610b5a7,d252d01a-6083-4c3d-914c-8e0bf292ede4,469834
a46b603e-5bdc-4617-a896-11b2ce319f73,067d6428-d42e-47fa-b427-1213737105ae,414212
d252d01a-6083-4c3d-914c-8e0bf292ede4,d252d01a-6083-4c3d-914c-8e0bf292ede4,37839
b54eb810-198e-401f-9f6b-98016cd3d1cc,2a675b2c-7c43-4cdf-bfd5-f8f6c6408c67,217628
9d87346d-9c9d-48c7-bcc3-17cf0aac2c77,b920aeec-8462-4077-a9ae-70fd9ccc0e70,831739
1ea4f5fb-de33-4de9-98ea-0c44f2e5b921,9486c3d9-c6bc-48e6-9494-78e897215372,545979
f131bc8d-7762-4cae-968c-25190234735a,f131bc8d-7762-4cae-968c-25190234735a,261534
a46b603e-5bdc-4617-a896-11b2ce319f73,50358b49-1615-4a47-a90e-4b40d83fcb55,640068
9d65493d-0129-4a0e-a79f-498615f58e5f,a2d2a663-c94b-430a-8ca8-d1442051a510,575785
b54eb810-198e-401f-9f6b-98016cd3d1cc,b920aeec-8462-4077-a9ae-70fd9ccc0e70,120917
5426bfd8-08f8-4631-9017-701732b8a0ed,f131bc8d-7762-4cae-968c-25190234735a,561379
9d65493d-0129-4a0e-a79f-498615f58e5f,f131bc8d-7762-4cae-968c-25190234735a,155186
9d87346d-9c9d-48c7-bcc3-17cf0aac2c77,b920aeec-8462-4077-a9ae-70fd9ccc0e70,107350
2d12e2e9-60ee-4e1a-8b00-2bc9bf18785f,1ea4f5fb-de33-4de9-98ea-0c44f2e5b921,904124
5805b597-f154-4674-a340-6b1d96b66c41,5974edae-2eae-47a2-921e-ced9d610b5a7,272254
5426bfd8-08f8-4631-9017-701732b8a0ed,a46b603e-5bdc-4617-a896-11b2ce319f73,407997
324263de-65b8-4102-bb21-f41f12a915d7,b54eb810-198e-401f-9f6b-98016cd3d1cc,192654
5805b597-f154-4674-a340-6b1d96b66c41,f131bc8d-7762-4cae-968c-25190234735a,856511
f131bc8d-7762-4cae-968c-25190234735a,b920aeec-8462-4077-a9ae-70fd9ccc0e70,155145
067d6428-d42e-47fa-b427-1213737105ae,5805b597-f154-4674-a340-6b1d96b66c41,506144
324263de-65b8-4102-bb21-f41f12a915d7,2a675b2c-7c43-4cdf-bfd5-f8f6c6408c67,601485
ed86f05e-c45c-48be-9e1c-29740cba94de,5805b597-f154-4674-a340-6b1d96b66c41,16311
a46b603e-5bdc-4617-a896-11b2ce319f73,324263de-65b8-4102-bb21-f41f12a915d7,2188
9d87346d-9c9d-48c7-bcc3-17cf0aac2c77,5805b597-f154-4674-a340-6b1d96b66c41,96743
9d87346d-9c9d-48c7-bcc3-17cf0aac2c77,f131bc8d-7762-4cae-968c-25190234735a,83014
067d6428-d42e-47fa-b427-1213737105ae,2a675b2c-7c43-4cdf-bfd5-f8f6c6408c67,191934
9d87346d-9c9d-48c7-bcc3-17cf0aac2c77,b920aeec-8462-4077-a9ae-70fd9ccc0e70,56469
324263de-65b8-4102-bb21-f41f12a915d7,f131bc8d-7762-4cae-968c-25190234735a,187004
5805b597-f154-4674-a340-6b1d96b66c41,ed86f05e-c45c-48be-9e1c-29740cba94de,340937
324263de-65b8-4102-bb21-f41f12a915d7,9d65493d-0129-4a0e-a79f-498615f58e5f,864597
b920aeec-8462-4077-a9ae-70fd9ccc0e70,2d12e2e9-60ee-4e1a-8b00-2bc9bf18785f,758958
5974edae-2eae-47a2-921e-ced9d610b5a7,a46b603e-5bdc-4617-a896-11b2ce319f73,203610
f131bc8d-7762-4cae-968c-25190234735a,b920aeec-8462-4077-a9ae-70fd9ccc0e70,836
5805b597-f154-4674-a340-6b1d96b66c41,9486c3d9-c6bc-48e6-9494-78e897215372,322970
5426bfd8-08f8-4631-9017-701732b8a0ed,b920aeec-8462-4077-a9ae-70fd9ccc0e70,342512
ed86f05e-c45c-48be-9e1c-29740cba94de,a46b603e-5bdc-4617-a896-11b2ce319f73,973014
324263de-65b8-4102-bb21-f41f12a915d7,a46b603e-5bdc-4617-a896-11b2ce319f73,391987
5974edae-2eae-47a2-921e-ced9d610b5a7,d252d01a-6083-4c3d-914c-8e0bf292ede4,389931
b920aeec-8462-4077-a9ae-70fd9ccc0e70,9d87346d-9c9d-48c7-bcc3-17cf0aac2c77,801213
b920aeec-8462-4077-a9ae-70fd9ccc0e70,5974edae-2eae-47a2-921e-ced9d610b5a7,448141
5805b597-f154-4674-a340-6b1d96b66c41,9486c3d9-c6bc-48e6-9494-78e897215372,518619
b920aeec-8462-4077-a9ae-70fd9ccc0e70,067d6428-d42e-47fa-b427-1213737105ae,971875
2d12e2e9-60ee-4e1a-8b00-2bc9bf18785f,50358b49-1615-4a47-a90e-4b40d83fcb55,463187
9d65493d-0129-4a0e-a79f-498615f58e5f,9486c3d9-c6bc-48e6-9494-78e897215372,81206
5805b597-f154-4674-a340-6b1d96b66c41,324263de-65b8-4102-bb21-f41f12a915d7,95032
a46b603e-5bdc-4617-a896-11b2ce319f73,5805b597-f154-4674-a340-6b1d96b66c41,481526
a46b603e-5bdc-4617-a896-11b2ce319f73,f131bc8d-7762-4cae-968c-25190234735a,148675
5805b597-f154-4674-a340-6b1d96b66c41,9486c3d9-c6bc-48e6-9494-78e897215372,911372
5805b597-f154-4674-a340-6b1d96b66c41,9486c3d9-c6bc-48e6-9494-78e897215372,264383
ed86f05e-c45c-48be-9e1c-29740cba94de,9486c3d9-c6bc-48e6-9494-78e897215372,724084
324263de-65b8-4102-bb21-f41f12a915d7,d252d01a-6083-4c3d-914c-8e0bf292ede4,819658
9d87346d-9c9d-48c7-bcc3-17cf0aac2c77,5974edae-2eae-47a2-921e-ced9d610b5a7,404000
a46b603e-5bdc-4617-a896-11b2ce319f73,9486c3d9-c6bc-48e6-9494-78e897215372,100230
067d6428-d42e-47fa-b427-1213737105ae,50358b49-1615-4a47-a90e-4b40d83fcb55,438560
a2d2a663-c94b-430a-8ca8-d1442051a510,d252d01a-6083-4c3d-914c-8e0bf292ede4,12287
196fcfbd-d42d-4094-82f5-6ab8214a4ed2,2a675b2c-7c43-4cdf-bfd5-f8f6c6408c67,956929
196fcfbd-d42d-4094-82f5-6ab8214a4ed2,5974edae-2eae-47a2-921e-ced9d610b5a7,200841
a46b603e-5bdc-4617-a896-11b2ce319f73,b920aeec-8462-4077-a9ae-70fd9ccc0e70,108978
a2d2a663-c94b-430a-8ca8-d1442051a510,d252d01a-6083-4c3d-914c-8e0bf292ede4,749490
5974edae-2eae-47a2-921e-ced9d610b5a7,b54eb810-198e-401f-9f6b-98016cd3d1cc,658129
5974edae-2eae-47a2-921e-ced9d610b5a7,5974edae-2eae-47a2-921e-ced9d610b5a7,983694
ed86f05e-c45c-48be-9e1c-29740cba94de,50358b49-1615-4a47-a90e-4b40d83fcb55,364984
b54eb810-198e-401f-9f6b-98016cd3d1cc,067d6428-d42e-47fa-b427-1213737105ae,531677
2d12e2e9-60ee-4e1a-8b00-2bc9bf18785f,324263de-65b8-4102-bb21-f41f12a915d7,664366
a46b603e-5bdc-4617-a896-11b2ce319f73,ed86f05e-c45c-48be-9e1c-29740cba94de,589744
a2d2a663-c94b-430a-8ca8-d1442051a510,d252d01a-6083-4c3d-914c-8e0bf292ede4,593165
b920aeec-8462-4077-a9ae-70fd9ccc0e70,d252d01a-6083-4c3d-914c-8e0bf292ede4,194619
d252d01a-6083-4c3d-914c-8e0bf292ede4,d252d01a-6083-4c3d-914c-8e0bf292ede4,702530
d252d01a-6083-4c3d-914c-8e0bf292ede4,2a675b2c-7c43-4cdf-bfd5-f8f6c6408c67,298689
b54eb810-198e-401f-9f6b-98016cd3d1cc,d252d01a-6083-4c3d-914c-8e0bf292ede4,368316
50358b49-1615-4a47-a90e-4b40d83fcb55,2d12e2e9-60ee-4e1a-8b00-2bc9bf18785f,565695
324263de-65b8-4102-bb21-f41f12a915d7,5426bfd8-08f8-4631-9017-701732b8a0ed,571312
ed86f05e-c45c-48be-9e1c-29740cba94de,a2d2a663-c94b-430a-8ca8-d1442051a510,609616
a46b603e-5bdc-4617-a896-11b2ce319f73,324263de-65b8-4102-bb21-f41f12a915d7,93821
f131bc8d-7762-4cae-968c-25190234735a,9d87346d-9c9d-48c7-bcc3-17cf0aac2c77,545768
d252d01a-6083-4c3d-914c-8e0bf292ede4,5426bfd8-08f8-4631-9017-701732b8a0ed,162275
ed86f05e-c45c-48be-9e1c-29740cba94de,324263de-65b8-4102-bb21-f41f12a915d7,507283
067d6428-d42e-47fa-b427-1213737105ae,5974edae-2eae-47a2-921e-ced9d610b5a7,372945
d252d01a-6083-4c3d-914c-8e0bf292ede4,5805b597-f154-4674-a340-6b1d96b66c41,785656
196fcfbd-d42d-4094-82f5-6ab8214a4ed2,f131bc8d-7762-4cae-968c-25190234735a,700220
a2d2a663-c94b-430a-8ca8-d1442051a510,324263de-65b8-4102-bb21-f41f12a915d7,484392
ed86f05e-c45c-48be-9e1c-29740cba94de,324263de-65b8-4102-bb21-f41f12a915d7,257924
a46b603e-5bdc-4617-a896-11b2ce319f73,f131bc8d-7762-4cae-968c-25190234735a,19531
324263de-65b8-4102-bb21-f41f12a915d7,2d12e2e9-60ee-4e1a-8b00-2bc9bf18785f,502623
50358b49-1615-4a47-a90e-4b40d83fcb55,9486c3d9-c6bc-48e6-9494-78e897215372,766332
a2d2a663-c94b-430a-8ca8-d1442051a510,d252d01a-6083-4c3d-914c-8e0bf292ede4,834823
f131bc8d-7762-4cae-968c-25190234735a,f131bc8d-7762-4cae-968c-25190234735a,549004
324263de-65b8-4102-bb21-f41f12a915d7,9486c3d9-c6bc-48e6-9494-78e897215372,315299
9d87346d-9c9d-48c7-bcc3-17cf0aac2c77,b54eb810-198e-401f-9f6b-98016cd3d1cc,667988
5805b597-f154-4674-a340-6b1d96b66c41,b54eb810-198e-401f-9f6b-98016cd3d1cc,454769
50358b49-1615-4a47-a90e-4b40d83fcb55,5805b597-f154-4674-a340-6b1d96b66c41,860426
196fcfbd-d42d-4094-82f5-6ab8214a4ed2,b54eb810-198e-401f-9f6b-98016cd3d1cc,290653
324263de-65b8-4102-bb21-f41f12a915d7,b54eb810-198e-401f-9f6b-98016cd3d1cc,109426
9486c3d9-c6bc-48e6-9494-78e897215372,50358b49-1615-4a47-a90e-4b40d83fcb55,16985
1ea4f5fb-de33-4de9-98ea-0c44f2e5b921,1ea4f5fb-de33-4de9-98ea-0c44f2e5b921,239794
50358b49-1615-4a47-a90e-4b40d83fcb55,b920aeec-8462-4077-a9ae-70fd9ccc0e70,202257
f131bc8d-7762-4cae-968c-25190234735a,f131bc8d-7762-4cae-968c-25190234735a,979608
5805b597-f154-4674-a340-6b1d96b66c41,ed86f05e-c45c-48be-9e1c-29740cba94de,983961
a46b603e-5bdc-4617-a896-11b2ce319f73,9d87346d-9c9d-48c7-bcc3-17cf0aac2c77,783518
196fcfbd-d42d-4094-82f5-6ab8214a4ed2,b920aeec-8462-4077-a9ae-70fd9ccc0e70,40380
50358b49-1615-4a47-a90e-4b40d83fcb55,196fcfbd-d42d-4094-82f5-6ab8214a4ed2,947761
2d12e2e9-60ee-4e1a-8b00-2bc9bf18785f,50358b49-1615-4a47-a90e-4b40d83fcb55,191402
2a675b2c-7c43-4cdf-bfd5-f8f6c6408c67,9d87346d-9c9d-48c7-bcc3-17cf0aac2c77,566226
5805b597-f154-4674-a340-6b1d96b66c41,d252d01a-6083-4c3d-914c-8e0bf292ede4,450120
b920aeec-8462-4077-a9ae-70fd9ccc0e70,9486c3d9-c6bc-48e6-9494-78e897215372,281494
196fcfbd-d42d-4094-82f5-6ab8214a4ed2,a2d2a663-c94b-430a-8ca8-d1442051a510,768927
b54eb810-198e-401f-9f6b-98016cd3d1cc,2a675b2c-7c43-4cdf-bfd5-f8f6c6408c67,480079
067d6428-d42e-47fa-b427-1213737105ae,1ea4f5fb-de33-4de9-98ea-0c44f2e5b921,746901
5974edae-2eae-47a2-921e-ced9d610b5a7,9d87346d-9c9d-48c7-bcc3-17cf0aac2c77,474356
324263de-65b8-4102-bb21-f41f12a915d7,5805b597-f154-4674-a340-6b1d96b66c41,709255
ed86f05e-c45c-48be-9e1c-29740cba94de,324263de-65b8-4102-bb21-f41f12a915d7,637191
5974edae-2eae-47a2-921e-ced9d610b5a7,9d65493d-0129-4a0e-a79f-498615f58e5f,876456
9d87346d-9c9d-48c7-bcc3-17cf0aac2c77,9d87346d-9c9d-48c7-bcc3-17cf0aac2c77,159571
a46b603e-5bdc-4617-a896-11b2ce319f73,196fcfbd-d42d-4094-82f5-6ab8214a4ed2,957164
2a675b2c-7c43-4cdf-bfd5-f8f6c6408c67,f131bc8d-7762-4cae-968c-25190234735a,91577
b54eb810-198e-401f-9f6b-98016cd3d1cc,2a675b2c-7c43-4cdf-bfd5-f8f6c6408c67,191035
9486c3d9-c6bc-48e6-9494-78e897215372,a46b603e-5bdc-4617-a896-11b2ce319f73,764474
f131bc8d-7762-4cae-968c-25190234735a,b920aeec-8462-4077-a9ae-70fd9ccc0e70,209962
1ea4f5fb-de33-4de9-98ea-0c44f2e5b921,f131bc8d-7762-4cae-968c-25190234735a,743967
a2d2a663-c94b-430a-8ca8-d1442051a510,196fcfbd-d42d-4094-82f5-6ab8214a4ed2,689833
5805b597-f154-4674-a340-6b1d96b66c41,50358b49-1615-4a47-a90e-4b40d83fcb55,715318
067d6428-d42e-47fa-b427-1213737105ae,b920aeec-8462-4077-a9ae-70fd9ccc0e70,231606
1ea4f5fb-de33-4de9-98ea-0c44f2e5b921,5974edae-2eae-47a2-921e-ced9d610b5a7,729226
067d6428-d42e-47fa-b427-1213737105ae,9486c3d9-c6bc-48e6-9494-78e897215372,529341
5426bfd8-08f8-4631-9017-701732b8a0ed,9d65493d-0129-4a0e-a79f-498615f58e5f,603970
1ea4f5fb-de33-4de9-98ea-0c44f2e5b921,324263de-65b8-4102-bb21-f41f12a915d7,882100
b920aeec-8462-4077-a9ae-70fd9ccc0e70,9d87346d-9c9d-48c7-bcc3-17cf0aac2c77,346775
067d6428-d42e-47fa-b427-1213737105ae,f131bc8d-7762-4cae-968c-25190234735a,378654
d252d01a-6083-4c3d-914c-8e0bf292ede4,324263de-65b8-4102-bb21-f41f12a915d7,964809
a46b603e-5bdc-4617-a896-11b2ce319f73,5805b597-f154-4674-a340-6b1d96b66c41,443579
2a675b2c-7c43-4cdf-bfd5-f8f6c6408c67,9486c3d9-c6bc-48e6-9494-78e897215372,427202
50358b49-1615-4a47-a90e-4b40d83fcb55,5426bfd8-08f8-4631-9017-701732b8a0ed,769632
a46b603e-5bdc-4617-a896-11b2ce319f73,5426bfd8-08f8-4631-9017-701732b8a0ed,687631
b920aeec-8462-4077-a9ae-70fd9ccc0e70,ed86f05e-c45c-48be-9e1c-29740cba94de,679472
324263de-65b8-4102-bb21-f41f12a915d7,f131bc8d-7762-4cae-968c-25190234735a,803809
b54eb810-198e-401f-9f6b-98016cd3d1cc,50358b49-1615-4a47-a90e-4b40d83fcb55,599346
b920aeec-8462-4077-a9ae-70fd9ccc0e70,5426bfd8-08f8-4631-9017-701732b8a0ed,383799
9d87346d-9c9d-48c7-bcc3-17cf0aac2c77,50358b49-1615-4a47-a90e-4b40d83fcb55,568709
9d65493d-0129-4a0e-a79f-498615f58e5f,5426bfd8-08f8-4631-9017-701732b8a0ed,350323
9d87346d-9c9d-48c7-bcc3-17cf0aac2c77,9d87346d-9c9d-48c7-bcc3-17cf0aac2c77,261032
9486c3d9-c6bc-48e6-9494-78e897215372,50358b49-1615-4a47-a90e-4b40d83fcb55,110630
9d87346d-9c9d-48c7-bcc3-17cf0aac2c77,d252d01a-6083-4c3d-914c-8e0bf292ede4,202710
b920aeec-8462-4077-a9ae-70fd9ccc0e70,9d87346d-9c9d-48c7-bcc3-17cf0aac2c77,548574
5974edae-2eae-47a2-921e-ced9d610b5a7,50358b49-1615-4a47-a90e-4b40d83fcb55,243373
5426bfd8-08f8-4631-9017-701732b8a0ed,2a675b2c-7c43-4cdf-bfd5-f8f6c6408c67,378189
a2d2a663-c94b-430a-8ca8-d1442051a510,9486c3d9-c6bc-48e6-9494-78e897215372,350055
324263de-65b8-4102-bb21-f41f12a915d7,5426bfd8-08f8-4631-9017-701732b8a0ed,956735
067d6428-d42e-47fa-b427-1213737105ae,5805b597-f154-4674-a340-6b1d96b66c41,391311
2a675b2c-7c43-4cdf-bfd5-f8f6c6408c67,ed86f05e-c45c-48be-9e1c-29740cba94de,394764
b54eb810-198e-401f-9f6b-98016cd3d1cc,067d6428-d42e-47fa-b427-1213737105ae,987332
ed86f05e-c45c-48be-9e1c-29740cba94de,5426bfd8-08f8-4631-9017-701732b8a0ed,367204
9486c3d9-c6bc-48e6-9494-78e897215372,b54eb810-198e-401f-9f6b-98016cd3d1cc,356335
9d65493d-0129-4a0e-a79f-498615f58e5f,b920aeec-8462-4077-a9ae-70fd9ccc0e70,210361
5974edae-2eae-47a2-921e-ced9d610b5a7,ed86f05e-c45c-48be-9e1c-29740cba94de,554877
b920aeec-8462-4077-a9ae-70fd9ccc0e70,9d65493d-0129-4a0e-a79f-498615f58e5f,371870
5426bfd8-08f8-4631-9017-701732b8a0ed,5805b597-f154-4674-a340-6b1d96b66c41,165899
d252d01a-6083-4c3d-914c-8e0bf292ede4,9d87346d-9c9d-48c7-bcc3-17cf0aac2c77,137673
324263de-65b8-4102-bb21-f41f12a915d7,a2d2a663-c94b-430a-8ca8-d1442051a510,819525
9486c3d9-c6bc-48e6-9494-78e897215372,f131bc8d-7762-4cae-968c-25190234735a,994106
2a675b2c-7c43-4cdf-bfd5-f8f6c6408c67,5974edae-2eae-47a2-921e-ced9d610b5a7,843505
b920aeec-8462-4077-a9ae-70fd9ccc0e70,ed86f05e-c45c-48be-9e1c-29740cba94de,201423
a2d2a663-c94b-430a-8ca8-d1442051a510,5974edae-2eae-47a2-921e-ced9d610b5a7,331438
2d12e2e9-60ee-4e1a-8b00-2bc9bf18785f,50358b49-1615-4a47-a90e-4b40d83fcb55,64086
a2d2a663-c94b-430a-8ca8-d1442051a510,5426bfd8-08f8-4631-9017-701732b8a0ed,822283
9d65493d-0129-4a0e-a79f-498615f58e5f,50358b49-1615-4a47-a90e-4b40d83fcb55,988648
196fcfbd-d42d-4094-82f5-6ab8214a4ed2,b920aeec-8462-4077-a9ae-70fd9ccc0e70,739148
5426bfd8-08f8-4631-9017-701732b8a0ed,9d65493d-0129-4a0e-a79f-498615f58e5f,261527
b54eb810-198e-401f-9f6b-98016cd3d1cc,50358b49-1615-4a47-a90e-4b40d83fcb55,877898
2d12e2e9-60ee-4e1a-8b00-2bc9bf18785f,f131bc8d-7762-4cae-968c-25190234735a,750400
ed86f05e-c45c-48be-9e1c-29740cba94de,b920aeec-8462-4077-a9ae-70fd9ccc0e70,500076
5426bfd8-08f8-4631-9017-701732b8a0ed,50358b49-1615-4a47-a90e-4b40d83fcb55,827009
067d6428-d42e-47fa-b427-1213737105ae,a2d2a663-c94b-430a-8ca8-d1442051a510,479161
196fcfbd-d42d-4094-82f5-6ab8214a4ed2,ed86f05e-c45c-48be-9e1c-29740cba94de,569141
9d87346d-9c9d-48c7-bcc3-17cf0aac2c77,2d12e2e9-60ee-4e1a-8b00-2bc9bf18785f,88248
5974edae-2eae-47a2-921e-ced9d610b5a7,a2d2a663-c94b-430a-8ca8-d1442051a510,578663
196fcfbd-d42d-4094-82f5-6ab8214a4ed2,2a675b2c-7c43-4cdf-bfd5-f8f6c6408c67,2983
324263de-65b8-4102-bb21-f41f12a915d7,5805b597-f154-4674-a340-6b1d96b66c41,690337
50358b49-1615-4a47-a90e-4b40d83fcb55,324263de-65b8-4102-bb21-f41f12a915d7,213233
5805b597-f154-4674-a340-6b1d96b66c41,9486c3d9-c6bc-48e6-9494-78e897215372,299274
5426bfd8-08f8-4631-9017-701732b8a0ed,9d87346d-9c9d-48c7-bcc3-17cf0aac2c77,349879
5974edae-2eae-47a2-921e-ced9d610b5a7,324263de-65b8-4102-bb21-f41f12a915d7,391678
5805b597-f154-4674-a340-6b1d96b66c41,9486c3d9-c6bc-48e6-9494-78e897215372,2449
324263de-65b8-4102-bb21-f41f12a915d7,f131bc8d-7762-4cae-968c-25190234735a,317127
196fcfbd-d42d-4094-82f5-6ab8214a4ed2,1ea4f5fb-de33-4de9-98ea-0c44f2e5b921,333392
f131bc8d-7762-4cae-968c-25190234735a,196fcfbd-d42d-4094-82f5-6ab8214a4ed2,617259
2d12e2e9-60ee-4e1a-8b00-2bc9bf18785f,9d65493d-0129-4a0e-a79f-498615f58e5f,192963
9d65493d-0129-4a0e-a79f-498615f58e5f,b54eb810-198e-401f-9f6b-98016cd3d1cc,506929
50358b49-1615-4a47-a90e-4b40d83fcb55,a2d2a663-c94b-430a-8ca8-d1442051a510,376356
196fcfbd-d42d-4094-82f5-6ab8214a4ed2,d252d01a-6083-4c3d-914c-8e0bf292ede4,231571
5974edae-2eae-47a2-921e-ced9d610b5a7,1ea4f5fb-de33-4de9-98ea-0c44f2e5b921,841543
d252d01a-6083-4c3d-914c-8e0bf292ede4,50358b49-1615-4a47-a90e-4b40d83fcb55,134469
324263de-65b8-4102-bb21-f41f12a915d7,9486c3d9-c6bc-48e6-9494-78e897215372,820904
067d6428-d42e-47fa-b427-1213737105ae,067d6428-d42e-47fa-b427-1213737105ae,96821
5426bfd8-08f8-4631-9017-701732b8a0ed,067d6428-d42e-47fa-b427-1213737105ae,329903
1ea4f5fb-de33-4de9-98ea-0c44f2e5b921,5805b597-f154-4674-a340-6b1d96b66c41,524099
1ea4f5fb-de33-4de9-98ea-0c44f2e5b921,2d12e2e9-60ee-4e1a-8b00-2bc9bf18785f,681048
b54eb810-198e-401f-9f6b-98016cd3d1cc,b54eb810-198e-401f-9f6b-98016cd3d1cc,792391
2a675b2c-7c43-4cdf-bfd5-f8f6c6408c67,b54eb810-198e-401f-9f6b-98016cd3d1cc,520697
5426bfd8-08f8-4631-9017-701732b8a0ed,f131bc8d-7762-4cae-968c-25190234735a,263970
5426bfd8-08f8-4631-9017-701732b8a0ed,5974edae-2eae-47a2-921e-ced9d610b5a7,73515
9d65493d-0129-4a0e-a79f-498615f58e5f,5805b597-f154-4674-a340-6b1d96b66c41,923644
f131bc8d-7762-4cae-968c-25190234735a,2d12e2e9-60ee-4e1a-8b00-2bc9bf18785f,987280
9486c3d9-c6bc-48e6-9494-78e897215372,067d6428-d42e-47fa-b427-1213737105ae,647716
ed86f05e-c45c-48be-9e1c-29740cba94de,a2d2a663-c94b-430a-8ca8-d1442051a510,474274
d252d01a-6083-4c3d-914c-8e0bf292ede4,f131bc8d-7762-4cae-968c-25190234735a,876717
9486c3d9-c6bc-48e6-9494-78e897215372,5805b597-f154-4674-a340-6b1d96b66c41,6570
a2d2a663-c94b-430a-8ca8-d1442051a510,b920aeec-8462-4077-a9ae-70fd9ccc0e70,135888
b54eb810-198e-401f-9f6b-98016cd3d1cc,ed86f05e-c45c-48be-9e1c-29740cba94de,849073
1ea4f5fb-de33-4de9-98ea-0c44f2e5b921,a2d2a663-c94b-430a-8ca8-d1442051a510,513053
9486c3d9-c6bc-48e6-9494-78e897215372,f131bc8d-7762-4cae-968c-25190234735a,158727
2a675b2c-7c43-4cdf-bfd5-f8f6c6408c67,5805b597-f154-4674-a340-6b1d96b66c41,490886
196fcfbd-d42d-4094-82f5-6ab8214a4ed2,f131bc8d-7762-4cae-968c-25190234735a,894224
2d12e2e9-60ee-4e1a-8b00-2bc9bf18785f,5805b597-f154-4674-a340-6b1d96b66c41,891741
f131bc8d-7762-4cae-968c-25190234735a,5426bfd8-08f8-4631-9017-701732b8a0ed,872140
2a675b2c-7c43-4cdf-bfd5-f8f6c6408c67,ed86f05e-c45c-48be-9e1c-29740cba94de,959540
5974edae-2eae-47a2-921e-ced9d610b5a7,ed86f05e-c45c-48be-9e1c-29740cba94de,615016
067d6428-d42e-47fa-b427-1213737105ae,2d12e2e9-60ee-4e1a-8b00-2bc9bf18785f,889622
067d6428-d42e-47fa-b427-1213737105ae,2a675b2c-7c43-4cdf-bfd5-f8f6c6408c67,875907
2a675b2c-7c43-4cdf-bfd5-f8f6c6408c67,9d65493d-0129-4a0e-a79f-498615f58e5f,796911
5805b597-f154-4674-a340-6b1d96b66c41,067d6428-d42e-47fa-b427-1213737105ae,919205
b54eb810-198e-401f-9f6b-98016cd3d1cc,b920aeec-8462-4077-a9ae-70fd9ccc0e70,586093
2a675b2c-7c43-4cdf-bfd5-f8f6c6408c67,b54eb810-198e-401f-9f6b-98016cd3d1cc,408952
f131bc8d-7762-4cae-968c-25190234735a,2a675b2c-7c43-4cdf-bfd5-f8f6c6408c67,140454
5974edae-2eae-47a2-921e-ced9d610b5a7,9d65493d-0129-4a0e-a79f-498615f58e5f,308765
1ea4f5fb-de33-4de9-98ea-0c44f2e5b921,a2d2a663-c94b-430a-8ca8-d1442051a510,905865
d252d01a-6083-4c3d-914c-8e0bf292ede4,5805b597-f154-4674-a340-6b1d96b66c41,205689
2d12e2e9-60ee-4e1a-8b00-2bc9bf18785f,50358b49-1615-4a47-a90e-4b40d83fcb55,764984
5805b597-f154-4674-a340-6b1d96b66c41,2d12e2e9-60ee-4e1a-8b00-2bc9bf18785f,637282
5974edae-2eae-47a2-921e-ced9d610b5a7,196fcfbd-d42d-4094-82f5-6ab8214a4ed2,756920
f131bc8d-7762-4cae-968c-25190234735a,1ea4f5fb-de33-4de9-98ea-0c44f2e5b921,981810
9486c3d9-c6bc-48e6-9494-78e897215372,067d6428-d42e-47fa-b427-1213737105ae,167597
9486c3d9-c6bc-48e6-9494-78e897215372,5426bfd8-08f8-4631-9017-701732b8a0ed,995058
196fcfbd-d42d-4094-82f5-6ab8214a4ed2,1ea4f5fb-de33-4de9-98ea-0c44f2e5b921,38649
2d12e2e9-60ee-4e1a-8b00-2bc9bf18785f,50358b49-1615-4a47-a90e-4b40d83fcb55,169964
50358b49-1615-4a47-a90e-4b40d83fcb55,1ea4f5fb-de33-4de9-98ea-0c44f2e5b921,729161
196fcfbd-d42d-4094-82f5-6ab8214a4ed2,5974edae-2eae-47a2-921e-ced9d610b5a7,275905
2a675b2c-7c43-4cdf-bfd5-f8f6c6408c67,50358b49-1615-4a47-a90e-4b40d83fcb55,578971
1ea4f5fb-de33-4de9-98ea-0c44f2e5b921,5974edae-2eae-47a2-921e-ced9d610b5a7,760104
a2d2a663-c94b-430a-8ca8-d1442051a510,d252d01a-6083-4c3d-914c-8e0bf292ede4,529540
067d6428-d42e-47fa-b427-1213737105ae,d252d01a-6083-4c3d-914c-8e0bf292ede4,66984
b54eb810-198e-401f-9f6b-98016cd3d1cc,5805b597-f154-4674-a340-6b1d96b66c41,674891
196fcfbd-d42d-4094-82f5-6ab8214a4ed2,9486c3d9-c6bc-48e6-9494-78e897215372,167013
5805b597-f154-4674-a340-6b1d96b66c41,50358b49-1615-4a47-a90e-4b40d83fcb55,256222
324263de-65b8-4102-bb21-f41f12a915d7,a46b603e-5bdc-4617-a896-11b2ce319f73,576692
9d65493d-0129-4a0e-a79f-498615f58e5f,d252d01a-6083-4c3d-914c-8e0bf292ede4,550131
d252d01a-6083-4c3d-914c-8e0bf292ede4,9486c3d9-c6bc-48e6-9494-78e897215372,382899
f131bc8d-7762-4cae-968c-25190234735a,1ea4f5fb-de33-4de9-98ea-0c44f2e5b921,24792
9d87346d-9c9d-48c7-bcc3-17cf0aac2c77,9d65493d-0129-4a0e-a79f-498615f58e5f,203477
2d12e2e9-60ee-4e1a-8b00-2bc9bf18785f,196fcfbd-d42d-4094-82f5-6ab8214a4ed2,587206
5805b597-f154-4674-a340-6b1d96b66c41,067d6428-d42e-47fa-b427-1213737105ae,761849
067d6428-d42e-47fa-b427-1213737105ae,d252d01a-6083-4c3d-914c-8e0bf292ede4,653765
9486c3d9-c6bc-48e6-9494-78e897215372,b920aeec-8462-4077-a9ae-70fd9ccc0e70,817897
2a675b2c-7c43-4cdf-bfd5-f8f6c6408c67,2d12e2e9-60ee-4e1a-8b00-2bc9bf18785f,28578
196fcfbd-d42d-4094-82f5-6ab8214a4ed2,f131bc8d-7762-4cae-968c-25190234735a,342931
5974edae-2eae-47a2-921e-ced9d610b5a7,5426bfd8-08f8-4631-9017-701732b8a0ed,343175
a2d2a663-c94b-430a-8ca8-d1442051a510,2a675b2c-7c43-4cdf-bfd5-f8f6c6408c67,126893
1ea4f5fb-de33-4de9-98ea-0c44f2e5b921,324263de-65b8-4102-bb21-f41f12a915d7,291861
a2d2a663-c94b-430a-8ca8-d1442051a510,9d65493d-0129-4a0e-a79f-498615f58e5f,711817
b920aeec-8462-4077-a9ae-70fd9ccc0e70,a2d2a663-c94b-430a-8ca8-d1442051a510,855199
1ea4f5fb-de33-4de9-98ea-0c44f2e5b921,50358b49-1615-4a47-a90e-4b40d83fcb55,966983
2a675b2c-7c43-4cdf-bfd5-f8f6c6408c67,b920aeec-8462-4077-a9ae-70fd9ccc0e70,132872
f131bc8d-7762-4cae-968c-25190234735a,5426bfd8-08f8-4631-9017-701732b8a0ed,181429
5426bfd8-08f8-4631-9017-701732b8a0ed,196fcfbd-d42d-4094-82f5-6ab8214a4ed2,189283
2a675b2c-7c43-4cdf-bfd5-f8f6c6408c67,50358b49-1615-4a47-a90e-4b40d83fcb55,265147
2a675b2c-7c43-4cdf-bfd5-f8f6c6408c67,196fcfbd-d42d-4094-82f5-6ab8214a4ed2,478721
324263de-65b8-4102-bb21-f41f12a915d7,067d6428-d42e-47fa-b427-1213737105ae,488060
5974edae-2eae-47a2-921e-ced9d610b5a7,b54eb810-198e-401f-9f6b-98016cd3d1cc,554267
5426bfd8-08f8-4631-9017-701732b8a0ed,a46b603e-5bdc-4617-a896-11b2ce319f73,978097
324263de-65b8-4102-bb21-f41f12a915d7,50358b49-1615-4a47-a90e-4b40d83fcb55,682250
2d12e2e9-60ee-4e1a-8b00-2bc9bf18785f,5974edae-2eae-47a2-921e-ced9d610b5a7,363566
a46b603e-5bdc-4617-a896-11b2ce319f73,50358b49-1615-4a47-a90e-4b40d83fcb55,769390
a2d2a663-c94b-430a-8ca8-d1442051a510,9486c3d9-c6bc-48e6-9494-78e897215372,447335
50358b49-1615-4a47-a90e-4b40d83fcb55,2d12e2e9-60ee-4e1a-8b00-2bc9bf18785f,815992
50358b49-1615-4a47-a90e-4b40d83fcb55,f131bc8d-7762-4cae-968c-25190234735a,971461
9486c3d9-c6bc-48e6-9494-78e897215372,9d65493d-0129-4a0e-a79f-498615f58e5f,566975
1ea4f5fb-de33-4de9-98ea-0c44f2e5b921,d252d01a-6083-4c3d-914c-8e0bf292ede4,930881
5426bfd8-08f8-4631-9017-701732b8a0ed,067d6428-d42e-47fa-b427-1213737105ae,260623
b920aeec-8462-4077-a9ae-70fd9ccc0e70,196fcfbd-d42d-4094-82f5-6ab8214a4ed2,156608
196fcfbd-d42d-4094-82f5-6ab8214a4ed2,b54eb810-198e-401f-9f6b-98016cd3d1cc,288541
5974edae-2eae-47a2-921e-ced9d610b5a7,a2d2a663-c94b-430a-8ca8-d1442051a510,775345
2d12e2e9-60ee-4e1a-8b00-2bc9bf18785f,d252d01a-6083-4c3d-914c-8e0bf292ede4,474569
9d65493d-0129-4a0e-a79f-498615f58e5f,b54eb810-198e-401f-9f6b-98016cd3d1cc,155874
ed86f05e-c45c-48be-9e1c-29740cba94de,2d12e2e9-60ee-4e1a-8b00-2bc9bf18785f,513887
a2d2a663-c94b-430a-8ca8-d1442051a510,9d65493d-0129-4a0e-a79f-498615f58e5f,687756
9486c3d9-c6bc-48e6-9494-78e897215372,a2d2a663-c94b-430a-8ca8-d1442051a510,690622
9d65493d-0129-4a0e-a79f-498615f58e5f,196fcfbd-d42d-4094-82f5-6ab8214a4ed2,513427
1ea4f5fb-de33-4de9-98ea-0c44f2e5b921,f131bc8d-7762-4cae-968c-25190234735a,726294
196fcfbd-d42d-4094-82f5-6ab8214a4ed2,a2d2a663-c94b-430a-8ca8-d1442051a510,391731
9d87346d-9c9d-48c7-bcc3-17cf0aac2c77,ed86f05e-c45c-48be-9e1c-29740cba94de,675878
324263de-65b8-4102-bb21-f41f12a915d7,9486c3d9-c6bc-48e6-9494-78e897215372,986394
9d65493d-0129-4a0e-a79f-498615f58e5f,2d12e2e9-60ee-4e1a-8b00-2bc9bf18785f,150948
9d87346d-9c9d-48c7-bcc3-17cf0aac2c77,9d65493d-0129-4a0e-a79f-498615f58e5f,733987
2d12e2e9-60ee-4e1a-8b00-2bc9bf18785f,1ea4f5fb-de33-4de9-98ea-0c44f2e5b921,51842
9486c3d9-c6bc-48e6-9494-78e897215372,a46b603e-5bdc-4617-a896-11b2ce319f73,914620
9d87346d-9c9d-48c7-bcc3-17cf0aac2c77,2a675b2c-7c43-4cdf-bfd5-f8f6c6408c67,278386
324263de-65b8-4102-bb21-f41f12a915d7,324263de-65b8-4102-bb21-f41f12a915d7,718498
9486c3d9-c6bc-48e6-9494-78e897215372,b920aeec-8462-4077-a9ae-70fd9ccc0e70,109153
2a675b2c-7c43-4cdf-bfd5-f8f6c6408c67,50358b49-1615-4a47-a90e-4b40d83fcb55,197244
5805b597-f154-4674-a340-6b1d96b66c41,b920aeec-8462-4077-a9ae-70fd9ccc0e70,641479
196fcfbd-d42d-4094-82f5-6ab8214a4ed2,5974edae-2eae-47a2-921e-ced9d610b5a7,849806
196fcfbd-d42d-4094-82f5-6ab8214a4ed2,067d6428-d42e-47fa-b427-1213737105ae,667078
5426bfd8-08f8-4631-9017-701732b8a0ed,9486c3d9-c6bc-48e6-9494-78e897215372,549176
1ea4f5fb-de33-4de9-98ea-0c44f2e5b921,9d65493d-0129-4a0e-a79f-498615f58e5f,296956
5805b597-f154-4674-a340-6b1d96b66c41,f131bc8d-7762-4cae-968c-25190234735a,304587
9486c3d9-c6bc-48e6-9494-78e897215372,5805b597-f154-4674-a340-6b1d96b66c41,607472
b920aeec-8462-4077-a9ae-70fd9ccc0e70,f131bc8d-7762-4cae-968c-25190234735a,388837
1ea4f5fb-de33-4de9-98ea-0c44f2e5b921,5805b597-f154-4674-a340-6b1d96b66c41,891860
a46b603e-5bdc-4617-a896-11b2ce319f73,324263de-65b8-4102-bb21-f41f12a915d7,549713
b54eb810-198e-401f-9f6b-98016cd3d1cc,2a675b2c-7c43-4cdf-bfd5-f8f6c6408c67,57146
b54eb810-198e-401f-9f6b-98016cd3d1cc,b920aeec-8462-4077-a9ae-70fd9ccc0e70,917232
067d6428-d42e-47fa-b427-1213737105ae,067d6428-d42e-47fa-b427-1213737105ae,294320
9d65493d-0129-4a0e-a79f-498615f58e5f,a2d2a663-c94b-430a-8ca8-d1442051a510,729497
5426bfd8-08f8-4631-9017-701732b8a0ed,324263de-65b8-4102-bb21-f41f12a915d7,114601
f131bc8d-7762-4cae-968c-25190234735a,b54eb810-198e-401f-9f6b-98016cd3d1cc,419322
b54eb810-198e-401f-9f6b-98016cd3d1cc,ed86f05e-c45c-48be-9e1c-29740cba94de,840808
d252d01a-6083-4c3d-914c-8e0bf292ede4,5974edae-2eae-47a2-921e-ced9d610b5a7,383722
b54eb810-198e-401f-9f6b-98016cd3d1cc,ed86f05e-c45c-48be-9e1c-29740cba94de,516813
196fcfbd-d42d-4094-82f5-6ab8214a4ed2,324263de-65b8-4102-bb21-f41f12a915d7,725749
324263de-65b8-4102-bb21-f41f12a915d7,9486c3d9-c6bc-48e6-9494-78e897215372,804670
324263de-65b8-4102-bb21-f41f12a915d7,5805b597-f154-4674-a340-6b1d96b66c41,28812
9d87346d-9c9d-48c7-bcc3-17cf0aac2c77,196fcfbd-d42d-4094-82f5-6ab8214a4ed2,50823
b54eb810-198e-401f-9f6b-98016cd3d1cc,9d65493d-0129-4a0e-a79f-498615f58e5f,412072
a2d2a663-c94b-430a-8ca8-d1442051a510,ed86f05e-c45c-48be-9e1c-29740cba94de,343732
9d65493d-0129-4a0e-a79f-498615f58e5f,067d6428-d42e-47fa-b427-1213737105ae,223824
9486c3d9-c6bc-48e6-9494-78e897215372,b54eb810-198e-401f-9f6b-98016cd3d1cc,576434
f131bc8d-7762-4cae-968c-25190234735a,324263de-65b8-4102-bb21-f41f12a915d7,626564
067d6428-d42e-47fa-b427-1213737105ae,324263de-65b8-4102-bb21-f41f12a915d7,28869
a2d2a663-c94b-430a-8ca8-d1442051a510,5805b597-f154-4674-a340-6b1d96b66c41,435202
a46b603e-5bdc-4617-a896-11b2ce319f73,50358b49-1615-4a47-a90e-4b40d83fcb55,765796
196fcfbd-d42d-4094-82f5-6ab8214a4ed2,324263de-65b8-4102-bb21-f41f12a915d7,622185
9d87346d-9c9d-48c7-bcc3-17cf0aac2c77,a2d2a663-c94b-430a-8ca8-d1442051a510,903544
d252d01a-6083-4c3d-914c-8e0bf292ede4,5426bfd8-08f8-4631-9017-701732b8a0ed,731700
b920aeec-8462-4077-a9ae-70fd9ccc0e70,9d65493d-0129-4a0e-a79f-498615f58e5f,987868
50358b49-1615-4a47-a90e-4b40d83fcb55,5805b597-f154-4674-a340-6b1d96b66c41,50114
f131bc8d-7762-4cae-968c-25190234735a,5805b597-f154-4674-a340-6b1d96b66c41,128601
a46b603e-5bdc-4617-a896-11b2ce319f73,d252d01a-6083-4c3d-914c-8e0bf292ede4,858608
5805b597-f154-4674-a340-6b1d96b66c41,9486c3d9-c6bc-48e6-9494-78e897215372,917502
ed86f05e-c45c-48be-9e1c-29740cba94de,f131bc8d-7762-4cae-968c-25190234735a,501185
f131bc8d-7762-4cae-968c-25190234735a,067d6428-d42e-47fa-b427-1213737105ae,93386
5805b597-f154-4674-a340-6b1d96b66c41,d252d01a-6083-4c3d-914c-8e0bf292ede4,792450
5805b597-f154-4674-a340-6b1d96b66c41,196fcfbd-d42d-4094-82f5-6ab8214a4ed2,716802
b920aeec-8462-4077-a9ae-70fd9ccc0e70,a2d2a663-c94b-430a-8ca8-d1442051a510,583935
5426bfd8-08f8-4631-9017-701732b8a0ed,067d6428-d42e-47fa-b427-1213737105ae,859710
50358b49-1615-4a47-a90e-4b40d83fcb55,5805b597-f154-4674-a340-6b1d96b66c41,966440
ed86f05e-c45c-48be-9e1c-29740cba94de,2a675b2c-7c43-4cdf-bfd5-f8f6c6408c67,140275
2d12e2e9-60ee-4e1a-8b00-2bc9bf18785f,196fcfbd-d42d-4094-82f5-6ab8214a4ed2,582459
b920aeec-8462-4077-a9ae-70fd9ccc0e70,324263de-65b8-4102-bb21-f41f12a915d7,48333
196fcfbd-d42d-4094-82f5-6ab8214a4ed2,9486c3d9-c6bc-48e6-9494-78e897215372,972383
ed86f05e-c45c-48be-9e1c-29740cba94de,5426bfd8-08f8-4631-9017-701732b8a0ed,839772
2a675b2c-7c43-4cdf-bfd5-f8f6c6408c67,f131bc8d-7762-4cae-968c-25190234735a,965430
a2d2a663-c94b-430a-8ca8-d1442051a510,9d65493d-0129-4a0e-a79f-498615f58e5f,854634
067d6428-d42e-47fa-b427-1213737105ae,9d87346d-9c9d-48c7-bcc3-17cf0aac2c77,6228
d252d01a-6083-4c3d-914c-8e0bf292ede4,324263de-65b8-4102-bb21-f41f12a915d7,132934
5974edae-2eae-47a2-921e-ced9d610b5a7,9d65493d-0129-4a0e-a79f-498615f58e5f,103152
9d87346d-9c9d-48c7-bcc3-17cf0aac2c77,196fcfbd-d42d-4094-82f5-6ab8214a4ed2,545402
9d87346d-9c9d-48c7-bcc3-17cf0aac2c77,2d12e2e9-60ee-4e1a-8b00-2bc9bf18785f,521131
5426bfd8-08f8-4631-9017-701732b8a0ed,a46b603e-5bdc-4617-a896-11b2ce319f73,900964
2a675b2c-7c43-4cdf-bfd5-f8f6c6408c67,067d6428-d42e-47fa-b427-1213737105ae,700297
5974edae-2eae-47a2-921e-ced9d610b5a7,a2d2a663-c94b-430a-8ca8-d1442051a510,53192
9d87346d-9c9d-48c7-bcc3-17cf0aac2c77,196fcfbd-d42d-4094-82f5-6ab8214a4ed2,896055
d252d01a-6083-4c3d-914c-8e0bf292ede4,9d87346d-9c9d-48c7-bcc3-17cf0aac2c77,903768
d252d01a-6083-4c3d-914c-8e0bf292ede4,b54eb810-198e-401f-9f6b-98016cd3d1cc,791295
b54eb810-198e-401f-9f6b-98016cd3d1cc,9d65493d-0129-4a0e-a79f-498615f58e5f,957723
a46b603e-5bdc-4617-a896-11b2ce319f73,5426bfd8-08f8-4631-9017-701732b8a0ed,435392
2d12e2e9-60ee-4e1a-8b00-2bc9bf18785f,9d65493d-0129-4a0e-a79f-498615f58e5f,742231
b54eb810-198e-401f-9f6b-98016cd3d1cc,324263de-65b8-4102-bb21-f41f12a915d7,789576
9486c3d9-c6bc-48e6-9494-78e897215372,b54eb810-198e-401f-9f6b-98016cd3d1cc,668656
067d6428-d42e-47fa-b427-1213737105ae,a46b603e-5bdc-4617-a896-11b2ce319f73,524850
b54eb810-198e-401f-9f6b-98016cd3d1cc,196fcfbd-d42d-4094-82f5-6ab8214a4ed2,640111
f131bc8d-7762-4cae-968c-25190234735a,5805b597-f154-4674-a340-6b1d96b66c41,234708
b54eb810-198e-401f-9f6b-98016cd3d1cc,5805b597-f154-4674-a340-6b1d96b66c41,229580
5805b597-f154-4674-a340-6b1d96b66c41,9486c3d9-c6bc-48e6-9494-78e897215372,346095
50358b49-1615-4a47-a90e-4b40d83fcb55,1ea4f5fb-de33-4de9-98ea-0c44f2e5b921,479090
2a675b2c-7c43-4cdf-bfd5-f8f6c6408c67,5974edae-2eae-47a2-921e-ced9d610b5a7,252585
5974edae-2eae-47a2-921e-ced9d610b5a7,9d87346d-9c9d-48c7-bcc3-17cf0aac2c77,624305
ed86f05e-c45c-48be-9e1c-29740cba94de,1ea4f5fb-de33-4de9-98ea-0c44f2e5b921,787963
a46b603e-5bdc-4617-a896-11b2ce319f73,1ea4f5fb-de33-4de9-98ea-0c44f2e5b921,4915
ed86f05e-c45c-48be-9e1c-29740cba94de,5974edae-2eae-47a2-921e-ced9d610b5a7,180323
f131bc8d-7762-4cae-968c-25190234735a,5426bfd8-08f8-4631-9017-701732b8a0ed,667705
9d65493d-0129-4a0e-a79f-498615f58e5f,9d87346d-9c9d-48c7-bcc3-17cf0aac2c77,959432
196fcfbd-d42d-4094-82f5-6ab8214a4ed2,9d65493d-0129-4a0e-a79f-498615f58e5f,737526
b920aeec-8462-4077-a9ae-70fd9ccc0e70,b54eb810-198e-401f-9f6b-98016cd3d1cc,161424
2d12e2e9-60ee-4e1a-8b00-2bc9bf18785f,ed86f05e-c45c-48be-9e1c-29740cba94de,747144
196fcfbd-d42d-4094-82f5-6ab8214a4ed2,b54eb810-198e-401f-9f6b-98016cd3d1cc,474982
9d87346d-9c9d-48c7-bcc3-17cf0aac2c77,50358b49-1615-4a47-a90e-4b40d83fcb55,396269
b54eb810-198e-401f-9f6b-98016cd3d1cc,d252d01a-6083-4c3d-914c-8e0bf292ede4,820653
5974edae-2eae-47a2-921e-ced9d610b5a7,324263de-65b8-4102-bb21-f41f12a915d7,145635
50358b49-1615-4a47-a90e-4b40d83fcb55,ed86f05e-c45c-48be-9e1c-29740cba94de,37841
d252d01a-6083-4c3d-914c-8e0bf292ede4,2d12e2e9-60ee-4e1a-8b00-2bc9bf18785f,59109
9d65493d-0129-4a0e-a79f-498615f58e5f,067d6428-d42e-47fa-b427-1213737105ae,892743
a46b603e-5bdc-4617-a896-11b2ce319f73,5974edae-2eae-47a2-921e-ced9d610b5a7,108839
b54eb810-198e-401f-9f6b-98016cd3d1cc,9d65493d-0129-4a0e-a79f-498615f58e5f,805535
d252d01a-6083-4c3d-914c-8e0bf292ede4,9d87346d-9c9d-48c7-bcc3-17cf0aac2c77,435527
9d87346d-9c9d-48c7-bcc3-17cf0aac2c77,50358b49-1615-4a47-a90e-4b40d83fcb55,940089
a2d2a663-c94b-430a-8ca8-d1442051a510,50358b49-1615-4a47-a90e-4b40d83fcb55,390876
9d65493d-0129-4a0e-a79f-498615f58e5f,2d12e2e9-60ee-4e1a-8b00-2bc9bf18785f,43532
196fcfbd-d42d-4094-82f5-6ab8214a4ed2,9486c3d9-c6bc-48e6-9494-78e897215372,957379
5974edae-2eae-47a2-921e-ced9d610b5a7,2a675b2c-7c43-4cdf-bfd5-f8f6c6408c67,978885
a2d2a663-c94b-430a-8ca8-d1442051a510,196fcfbd-d42d-4094-82f5-6ab8214a4ed2,646959
50358b49-1615-4a47-a90e-4b40d83fcb55,5426bfd8-08f8-4631-9017-701732b8a0ed,181996
b54eb810-198e-401f-9f6b-98016cd3d1cc,5426bfd8-08f8-4631-9017-701732b8a0ed,888912
067d6428-d42e-47fa-b427-1213737105ae,a2d2a663-c94b-430a-8ca8-d1442051a510,404506
9d87346d-9c9d-48c7-bcc3-17cf0aac2c77,067d6428-d42e-47fa-b427-1213737105ae,453446
9486c3d9-c6bc-48e6-9494-78e897215372,b920aeec-8462-4077-a9ae-70fd9ccc0e70,317620
9d87346d-9c9d-48c7-bcc3-17cf0aac2c77,9d65493d-0129-4a0e-a79f-498615f58e5f,368470
b54eb810-198e-401f-9f6b-98016cd3d1cc,196fcfbd-d42d-4094-82f5-6ab8214a4ed2,232618
5805b597-f154-4674-a340-6b1d96b66c41,9d65493d-0129-4a0e-a79f-498615f58e5f,963062
5426bfd8-08f8-4631-9017-701732b8a0ed,2d12e2e9-60ee-4e1a-8b00-2bc9bf18785f,855150
5974edae-2eae-47a2-921e-ced9d610b5a7,b54eb810-198e-401f-9f6b-98016cd3d1cc,828917
b920aeec-8462-4077-a9ae-70fd9ccc0e70,50358b49-1615-4a47-a90e-4b40d83fcb55,275566
5426bfd8-08f8-4631-9017-701732b8a0ed,196fcfbd-d42d-4094-82f5-6ab8214a4ed2,918873
9d65493d-0129-4a0e-a79f-498615f58e5f,a2d2a663-c94b-430a-8ca8-d1442051a510,292352
2a675b2c-7c43-4cdf-bfd5-f8f6c6408c67,196fcfbd-d42d-4094-82f5-6ab8214a4ed2,686119
324263de-65b8-4102-bb21-f41f12a915d7,a46b603e-5bdc-4617-a896-11b2ce319f73,536512
2a675b2c-7c43-4cdf-bfd5-f8f6c6408c67,ed86f05e-c45c-48be-9e1c-29740cba94de,99843
9d87346d-9c9d-48c7-bcc3-17cf0aac2c77,a2d2a663-c94b-430a-8ca8-d1442051a510,48607
5805b597-f154-4674-a340-6b1d96b66c41,b54eb810-198e-401f-9f6b-98016cd3d1cc,379209
9d87346d-9c9d-48c7-bcc3-17cf0aac2c77,50358b49-1615-4a47-a90e-4b40d83fcb55,449627
196fcfbd-d42d-4094-82f5-6ab8214a4ed2,324263de-65b8-4102-bb21-f41f12a915d7,510683
9486c3d9-c6bc-48e6-9494-78e897215372,b54eb810-198e-401f-9f6b-98016cd3d1cc,832093
a2d2a663-c94b-430a-8ca8-d1442051a510,f131bc8d-7762-4cae-968c-25190234735a,618688
2a675b2c-7c43-4cdf-bfd5-f8f6c6408c67,067d6428-d42e-47fa-b427-1213737105ae,791674
5974edae-2eae-47a2-921e-ced9d610b5a7,5426bfd8-08f8-4631-9017-701732b8a0ed,457678
9486c3d9-c6bc-48e6-9494-78e897215372,b920aeec-8462-4077-a9ae-70fd9ccc0e70,4116
50358b49-1615-4a47-a90e-4b40d83fcb55,a46b603e-5bdc-4617-a896-11b2ce319f73,278142
1ea4f5fb-de33-4de9-98ea-0c44f2e5b921,2d12e2e9-60ee-4e1a-8b00-2bc9bf18785f,297939
a2d2a663-c94b-430a-8ca8-d1442051a510,b920aeec-8462-4077-a9ae-70fd9ccc0e70,8678
d252d01a-6083-4c3d-914c-8e0bf292ede4,9486c3d9-c6bc-48e6-9494-78e897215372,565174
f131bc8d-7762-4cae-968c-25190234735a,50358b49-1615-4a47-a90e-4b40d83fcb55,882604
50358b49-1615-4a47-a90e-4b40d83fcb55,2d12e2e9-60ee-4e1a-8b00-2bc9bf18785f,506743
9d65493d-0129-4a0e-a79f-498615f58e5f,067d6428-d42e-47fa-b427-1213737105ae,628289
9d87346d-9c9d-48c7-bcc3-17cf0aac2c77,5974edae-2eae-47a2-921e-ced9d610b5a7,479035
5426bfd8-08f8-4631-9017-701732b8a0ed,ed86f05e-c45c-48be-9e1c-29740cba94de,722730
a46b603e-5bdc-4617-a896-11b2ce319f73,5426bfd8-08f8-4631-9017-701732b8a0ed,574544
b54eb810-198e-401f-9f6b-98016cd3d1cc,324263de-65b8-4102-bb21-f41f12a915d7,850086
196fcfbd-d42d-4094-82f5-6ab8214a4ed2,f131bc8d-7762-4cae-968c-25190234735a,278702
f131bc8d-7762-4cae-968c-25190234735a,b920aeec-8462-4077-a9ae-70fd9ccc0e70,280315
2a675b2c-7c43-4cdf-bfd5-f8f6c6408c67,f131bc8d-7762-4cae-968c-25190234735a,906878
f131bc8d-7762-4cae-968c-25190234735a,ed86f05e-c45c-48be-9e1c-29740cba94de,326970
5426bfd8-08f8-4631-9017-701732b8a0ed,1ea4f5fb-de33-4de9-98ea-0c44f2e5b921,488732
9d65493d-0129-4a0e-a79f-498615f58e5f,5974edae-2eae-47a2-921e-ced9d610b5a7,855812
f131bc8d-7762-4cae-968c-25190234735a,9486c3d9-c6bc-48e6-9494-78e897215372,737175
9486c3d9-c6bc-48e6-9494-78e897215372,a46b603e-5bdc-4617-a896-11b2ce319f73,9432
067d6428-d42e-47fa-b427-1213737105ae,1ea4f5fb-de33-4de9-98ea-0c44f2e5b921,167586
1ea4f5fb-de33-4de9-98ea-0c44f2e5b921,196fcfbd-d42d-4094-82f5-6ab8214a4ed2,249276
067d6428-d42e-47fa-b427-1213737105ae,5805b597-f154-4674-a340-6b1d96b66c41,763458
2a675b2c-7c43-4cdf-bfd5-f8f6c6408c67,a46b603e-5bdc-4617-a896-11b2ce319f73,679175
d252d01a-6083-4c3d-914c-8e0bf292ede4,d252d01a-6083-4c3d-914c-8e0bf292ede4,218587
a46b603e-5bdc-4617-a896-11b2ce319f73,2a675b2c-7c43-4cdf-bfd5-f8f6c6408c67,586534
2d12e2e9-60ee-4e1a-8b00-2bc9bf18785f,b920aeec-8462-4077-a9ae-70fd9ccc0e70,35255
f131bc8d-7762-4cae-968c-25190234735a,ed86f05e-c45c-48be-9e1c-29740cba94de,814285
b920aeec-8462-4077-a9ae-70fd9ccc0e70,5805b597-f154-4674-a340-6b1d96b66c41,877931
9486c3d9-c6bc-48e6-9494-78e897215372,5426bfd8-08f8-4631-9017-701732b8a0ed,14209
5805b597-f154-4674-a340-6b1d96b66c41,1ea4f5fb-de33-4de9-98ea-0c44f2e5b921,839198
196fcfbd-d42d-4094-82f5-6ab8214a4ed2,ed86f05e-c45c-48be-9e1c-29740cba94de,108777
50358b49-1615-4a47-a90e-4b40d83fcb55,ed86f05e-c45c-48be-9e1c-29740cba94de,499187
196fcfbd-d42d-4094-82f5-6ab8214a4ed2,ed86f05e-c45c-48be-9e1c-29740cba94de,540873
d252d01a-6083-4c3d-914c-8e0bf292ede4,b920aeec-8462-4077-a9ae-70fd9ccc0e70,128970
2a675b2c-7c43-4cdf-bfd5-f8f6c6408c67,f131bc8d-7762-4cae-968c-25190234735a,7013
9486c3d9-c6bc-48e6-9494-78e897215372,2a675b2c-7c43-4cdf-bfd5-f8f6c6408c67,557401
d252d01a-6083-4c3d-914c-8e0bf292ede4,9486c3d9-c6bc-48e6-9494-78e897215372,447903
f131bc8d-7762-4cae-968c-25190234735a,a2d2a663-c94b-430a-8ca8-d1442051a510,721176
067d6428-d42e-47fa-b427-1213737105ae,50358b49-1615-4a47-a90e-4b40d83fcb55,129874
9486c3d9-c6bc-48e6-9494-78e897215372,2a675b2c-7c43-4cdf-bfd5-f8f6c6408c67,374522
067d6428-d42e-47fa-b427-1213737105ae,5974edae-2eae-47a2-921e-ced9d610b5a7,432396
a2d2a663-c94b-430a-8ca8-d1442051a510,a2d2a663-c94b-430a-8ca8-d1442051a510,801713
ed86f05e-c45c-48be-9e1c-29740cba94de,b920aeec-8462-4077-a9ae-70fd9ccc0e70,887894
2a675b2c-7c43-4cdf-bfd5-f8f6c6408c67,5805b597-f154-4674-a340-6b1d96b66c41,324919
9d87346d-9c9d-48c7-bcc3-17cf0aac2c77,ed86f05e-c45c-48be-9e1c-29740cba94de,121132
d252d01a-6083-4c3d-914c-8e0bf292ede4,a2d2a663-c94b-430a-8ca8-d1442051a510,548705
9486c3d9-c6bc-48e6-9494-78e897215372,9d65493d-0129-4a0e-a79f-498615f58e5f,981799
2a675b2c-7c43-4cdf-bfd5-f8f6c6408c67,5805b597-f154-4674-a340-6b1d96b66c41,609570
50358b49-1615-4a47-a90e-4b40d83fcb55,324263de-65b8-4102-bb21-f41f12a915d7,775854
ed86f05e-c45c-48be-9e1c-29740cba94de,1ea4f5fb-de33-4de9-98ea-0c44f2e5b921,640794
5805b597-f154-4674-a340-6b1d96b66c41,1ea4f5fb-de33-4de9-98ea-0c44f2e5b921,386723
2a675b2c-7c43-4cdf-bfd5-f8f6c6408c67,b54eb810-198e-401f-9f6b-98016cd3d1cc,678348
a2d2a663-c94b-430a-8ca8-d1442051a510,9d65493d-0129-4a0e-a79f-498615f58e5f,161407
a2d2a663-c94b-430a-8ca8-d1442051a510,067d6428-d42e-47fa-b427-1213737105ae,257426
b920aeec-8462-4077-a9ae-70fd9ccc0e70,ed86f05e-c45c-48be-9e1c-29740cba94de,892480
9486c3d9-c6bc-48e6-9494-78e897215372,ed86f05e-c45c-48be-9e1c-29740cba94de,163765
2d12e2e9-60ee-4e1a-8b00-2bc9bf18785f,2d12e2e9-60ee-4e1a-8b00-2bc9bf18785f,499983
9486c3d9-c6bc-48e6-9494-78e897215372,5974edae-2eae-47a2-921e-ced9d610b5a7,184957
b54eb810-198e-401f-9f6b-98016cd3d1cc,50358b49-1615-4a47-a90e-4b40d83fcb55,899173
a46b603e-5bdc-4617-a896-11b2ce319f73,1ea4f5fb-de33-4de9-98ea-0c44f2e5b921,511255
b54eb810-198e-401f-9f6b-98016cd3d1cc,ed86f05e-c45c-48be-9e1c-29740cba94de,768436
9d87346d-9c9d-48c7-bcc3-17cf0aac2c77,d252d01a-6083-4c3d-914c-8e0bf292ede4,343471
9d87346d-9c9d-48c7-bcc3-17cf0aac2c77,5805b597-f154-4674-a340-6b1d96b66c41,359460
a2d2a663-c94b-430a-8ca8-d1442051a510,9486c3d9-c6bc-48e6-9494-78e897215372,683415
5805b597-f154-4674-a340-6b1d96b66c41,b54eb810-198e-401f-9f6b-98016cd3d1cc,938292
5805b597-f154-4674-a340-6b1d96b66c41,a46b603e-5bdc-4617-a896-11b2ce319f73,383385
1ea4f5fb-de33-4de9-98ea-0c44f2e5b921,5426bfd8-08f8-4631-9017-701732b8a0ed,578439
a2d2a663-c94b-430a-8ca8-d1442051a510,b54eb810-198e-401f-9f6b-98016cd3d1cc,683985
2a675b2c-7c43-4cdf-bfd5-f8f6c6408c67,5974edae-2eae-47a2-921e-ced9d610b5a7,794087
5426bfd8-08f8-4631-9017-701732b8a0ed,50358b49-1615-4a47-a90e-4b40d83fcb55,568038
1ea4f5fb-de33-4de9-98ea-0c44f2e5b921,196fcfbd-d42d-4094-82f5-6ab8214a4ed2,892558
1ea4f5fb-de33-4de9-98ea-0c44f2e5b921,1ea4f5fb-de33-4de9-98ea-0c44f2e5b921,846086
b920aeec-8462-4077-a9ae-70fd9ccc0e70,5805b597-f154-4674-a340-6b1d96b66c41,195905
9d65493d-0129-4a0e-a79f-498615f58e5f,5974edae-2eae-47a2-921e-ced9d610b5a7,907706
a2d2a663-c94b-430a-8ca8-d1442051a510,a2d2a663-c94b-430a-8ca8-d1442051a510,709314
a2d2a663-c94b-430a-8ca8-d1442051a510,50358b49-1615-4a47-a90e-4b40d83fcb55,22061
5974edae-2eae-47a2-921e-ced9d610b5a7,50358b49-1615-4a47-a90e-4b40d83fcb55,679477
a2d2a663-c94b-430a-8ca8-d1442051a510,324263de-65b8-4102-bb21-f41f12a915d7,125519
b54eb810-198e-401f-9f6b-98016cd3d1cc,9d87346d-9c9d-48c7-bcc3-17cf0aac2c77,755947
f131bc8d-7762-4cae-968c-25190234735a,196fcfbd-d42d-4094-82f5-6ab8214a4ed2,734044
9d87346d-9c9d-48c7-bcc3-17cf0aac2c77,5805b597-f154-4674-a340-6b1d96b66c41,920573
a2d2a663-c94b-430a-8ca8-d1442051a510,9d87346d-9c9d-48c7-bcc3-17cf0aac2c77,990324
b54eb810-198e-401f-9f6b-98016cd3d1cc,50358b49-1615-4a47-a90e-4b40d83fcb55,168549
9d87346d-9c9d-48c7-bcc3-17cf0aac2c77,b54eb810-198e-401f-9f6b-98016cd3d1cc,587033
1ea4f5fb-de33-4de9-98ea-0c44f2e5b921,b920aeec-8462-4077-a9ae-70fd9ccc0e70,513086
a46b603e-5bdc-4617-a896-11b2ce319f73,a46b603e-5bdc-4617-a896-11b2ce319f73,470380
2a675b2c-7c43-4cdf-bfd5-f8f6c6408c67,324263de-65b8-4102-bb21-f41f12a915d7,726362
b920aeec-8462-4077-a9ae-70fd9ccc0e70,9486c3d9-c6bc-48e6-9494-78e897215372,793674
ed86f05e-c45c-48be-9e1c-29740cba94de,196fcfbd-d42d-4094-82f5-6ab8214a4ed2,700754
324263de-65b8-4102-bb21-f41f12a915d7,5426bfd8-08f8-4631-9017-701732b8a0ed,741863
50358b49-1615-4a47-a90e-4b40d83fcb55,5974edae-2eae-47a2-921e-ced9d610b5a7,368849
067d6428-d42e-47fa-b427-1213737105ae,5974edae-2eae-47a2-921e-ced9d610b5a7,924669
5974edae-2eae-47a2-921e-ced9d610b5a7,5426bfd8-08f8-4631-9017-701732b8a0ed,319014
2a675b2c-7c43-4cdf-bfd5-f8f6c6408c67,067d6428-d42e-47fa-b427-1213737105ae,187752
5805b597-f154-4674-a340-6b1d96b66c41,5974edae-2eae-47a2-921e-ced9d610b5a7,990891
2d12e2e9-60ee-4e1a-8b00-2bc9bf18785f,5805b597-f154-4674-a340-6b1d96b66c41,155357
ed86f05e-c45c-48be-9e1c-29740cba94de,5805b597-f154-4674-a340-6b1d96b66c41,360074
067d6428-d42e-47fa-b427-1213737105ae,a2d2a663-c94b-430a-8ca8-d1442051a510,275900
5805b597-f154-4674-a340-6b1d96b66c41,324263de-65b8-4102-bb21-f41f12a915d7,473525
9486c3d9-c6bc-48e6-9494-78e897215372,b54eb810-198e-401f-9f6b-98016cd3d1cc,560442
f131bc8d-7762-4cae-968c-25190234735a,9d87346d-9c9d-48c7-bcc3-17cf0aac2c77,387280
5426bfd8-08f8-4631-9017-701732b8a0ed,2d12e2e9-60ee-4e1a-8b00-2bc9bf18785f,671259
1ea4f5fb-de33-4de9-98ea-0c44f2e5b921,a46b603e-5bdc-4617-a896-11b2ce319f73,694625
a46b603e-5bdc-4617-a896-11b2ce319f73,ed86f05e-c45c-48be-9e1c-29740cba94de,315771
067d6428-d42e-47fa-b427-1213737105ae,b920aeec-8462-4077-a9ae-70fd9ccc0e70,425556
ed86f05e-c45c-48be-9e1c-29740cba94de,d252d01a-6083-4c3d-914c-8e0bf292ede4,987814
ed86f05e-c45c-48be-9e1c-29740cba94de,a46b603e-5bdc-4617-a896-11b2ce319f73,682839
ed86f05e-c45c-48be-9e1c-29740cba94de,9486c3d9-c6bc-48e6-9494-78e897215372,981355
b54eb810-198e-401f-9f6b-98016cd3d1cc,067d6428-d42e-47fa-b427-1213737105ae,551138
50358b49-1615-4a47-a90e-4b40d83fcb55,5426bfd8-08f8-4631-9017-701732b8a0ed,347075
b920aeec-8462-4077-a9ae-70fd9ccc0e70,9486c3d9-c6bc-48e6-9494-78e897215372,506480
196fcfbd-d42d-4094-82f5-6ab8214a4ed2,324263de-65b8-4102-bb21-f41f12a915d7,733477
2a675b2c-7c43-4cdf-bfd5-f8f6c6408c67,d252d01a-6083-4c3d-914c-8e0bf292ede4,194046